second	kmh	district	street	minimap	vehicles
0					0
1					0
2					0
3					0
4					0
5					0
6					0
7					0
8					0
9					0
10					0
11					0
12			WT LAVOE CO		0
13					0
14					0
15					0
16					0
17					0
18					0
19					0
20					0
21					0
22					0
23					0
24					0
25					0
26					0
27					0
28					0
29					0
30					0
31					0
32					0
33					0
34					0
35					0
36					0
37					0
38					0
39					0
40					0
41					0
42					0
43					0
44					0
45					1
46					0
47					1
48					2
49					0
50					0
51					0
52					0
53					0
54					0
55					0
56					0
57					0
58					0
59					0
60					0
61					0
62					1
63					0
64					0
65					0
66					0
67					0
68					1
69					3
70					1
71					1
72					1
73					1
74					2
75					1
76					1
77					0
78					1
79					1
80					1
81					1
82					2
83					1
84					0
85					1
86					1
87					2
88					2
89					0
90					0
91					2
92					1
93					1
94					0
95					1
96					1
97					2
98					3
99					1
100					2
101					2
102					2
103					1
104					1
105					5
106					4
107					3
108					0
109					1
110					1
111					1
112					2
113					2
114					0
115					2
116					3
117					0
118					2
119					0
120					0
121					2
122					1
123					0
124					1
125					0
126					0
127					1
128					1
129					1
130					3
131					0
132					0
133					0
134					0
135					0
136					0
137	110	FAIRHAVEN	CONNORS BRIDGE ROAD	free	0
138	118	FAIRHAVEN	CONNORS BRIDGE ROAD	free	0
139	118	FAIRHAVEN	CONNORS BRIDGE ROAD	free	0
140	117	FAIRHAVEN	CONNORS BRIDGE ROAD	free	0
141	122	FAIRHAVEN	CONNORS BRIDGE ROAD	free	0
142	120	FAIRHAVEN	CONNORS BRIDGE ROAD	free	0
143	132	FAIRHAVEN	CONNORS BRIDGE ROAD	free	0
144	143	FAIRHAVEN	CONNORS BRIDGE ROAD	free	0
145	148	FAIRHAVEN	CONNORS BRIDGE ROAD	free	0
146	151	FAIRHAVEN	CONNORS BRIDGE ROAD	free	0
147	147	FAIRHAVEN	CONNORS BRIDGE ROAD	free	0
148	158	FAIRHAVEN	CONNORS BRIDGE ROAD	free	0
149	168	FAIRHAVEN	CONNORS BRIDGE ROAD	free	0
150	178	FAIRHAVEN	CONNORS BRIDGE ROAD	free	0
151	185	FAIRHAVEN	CONNORS BRIDGE ROAD	free	0
152	194	FAIRHAVEN	CONNORS BRIDGE ROAD	free	0
153	202	FAIRHAVEN	CONNORS BRIDGE ROAD	free	0
154	210	FAIRHAVEN	CONNORS BRIDGE ROAD	free	0
155	217	FAIRHAVEN	CONNORS BRIDGE ROAD	free	0
156	200	FAIRHAVEN	CONNORS BRIDGE ROAD	free	0
157	193	FAIRHAVEN	CONNORS BRIDGE ROAD	free	0
158	196	FAIRHAVEN	CONNORS BRIDGE ROAD	free	0
159	201	FAIRHAVEN	CONNORS BRIDGE ROAD	free	0
160	202	FAIRHAVEN	CONNORS BRIDGE ROAD	free	0
161	203	FAIRHAVEN	CONNORS BRIDGE ROAD	free	0
162	197	FAIRHAVEN	CONNORS BRIDGE ROAD	free	0
163	187	FAIRHAVEN	CONNORS BRIDGE ROAD	free	0
164	189	FAIRHAVEN	CONNORS BRIDGE ROAD	free	0
165	189	FAIRHAVEN	CONNORS BRIDGE ROAD	free	0
166	182	FAIRHAVEN	CONNORS BRIDGE ROAD	free	1
167	189	FAIRHAVEN	CONNORS BRIDGE ROAD	free	0
168	191	FAIRHAVEN	CONNORS BRIDGE ROAD	free	0
169	190	FAIRHAVEN	CONNORS BRIDGE ROAD	free	0
170	192	FAIRHAVEN	CONNORS BRIDGE ROAD	free	0
171	198	FAIRHAVEN	CONNORS BRIDGE ROAD	free	0
172	183	FAIRHAVEN	CONNORS BRIDGE ROAD	free	0
173	168	FAIRHAVEN	CONNORS BRIDGE ROAD	free	1
174	154	FAIRHAVEN	CONNORS BRIDGE ROAD	free	0
175	160	FAIRHAVEN	CONNORS BRIDGE ROAD	free	0
176	161	FAIRHAVEN	CONNORS BRIDGE ROAD	free	0
177	170	FAIRHAVEN	CONNORS BRIDGE ROAD	free	0
178	176	FAIRHAVEN	CONNORS BRIDGE ROAD	free	0
179	158	FAIRHAVEN	CONNORS BRIDGE ROAD	free	0
180	158	FAIRHAVEN	CONNORS BRIDGE ROAD	free	0
181	155	FAIRHAVEN	CONNORS BRIDGE ROAD	free	0
182	156	FAIRHAVEN	CONNORS BRIDGE ROAD	free	0
183	167	FAIRHAVEN	CONNORS BRIDGE ROAD	free	0
184	177	FAIRHAVEN	CONNORS BRIDGE ROAD	free	0
185	180	FAIRHAVEN	CONNORS BRIDGE ROAD	free	0
186	178	FAIRHAVEN	CONNORS BRIDGE ROAD	free	0
187	169	FAIRHAVEN	CONNORS BRIDGE ROAD	free	1
188	162	DOWNTOWN	CONNORS BRIDGE ROAD	free	0
189	153	DOWNTOWN	WHALEN STREET	free	1
190	145	DOWNTOWN	WHALEN STREET	free	0
191	149	DOWNTOWN	WHALEN STREET	free	0
192		DOWNTOWN	WHALEN STREET	free	1
193		DOWNTOWN	WHALEN STREET	free	1
194		DOWNTOWN	WHALEN STREET	free	1
195		DOWNTOWN	WHALEN STREET	free	1
196		DOWNTOWN	WHALEN STREET	free	1
197		DOWNTOWN	WHALEN STREET	free	0
198		DOWNTOWN	WHALEN STREET	free	0
199		DOWNTOWN	WHALEN STREET	free	0
200		DOWNTOWN	WHALEN STREET	free	0
201		DOWNTOWN	WHALEN STREET	free	0
202		DOWNTOWN	WHALEN STREET	free	1
203		DOWNTOWN	WHALEN STREET	free	1
204		DOWNTOWN	WHALEN STREET	free	0
205					1
206					0
207					0
208					0
209		DOWNTOWN		free	1
210		DOWNTOWN		free	1
211		DOWNTOWN		free	2
212		DOWNTOWN		free	1
213		DOWNTOWN		free	1
214		DOWNTOWN		free	2
215		DOWNTOWN		free	2
216		DOWNTOWN		free	2
217		DOWNTOWN		free	2
218		DOWNTOWN		free	2
219		DOWNTOWN		free	2
220		DOWNTOWN		free	2
221		DOWNTOWN		free	2
222		DOWNTOWN		free	2
223		DOWNTOWN		free	2
224		DOWNTOWN		free	2
225		DOWNTOWN		free	2
226		DOWNTOWN		free	2
227		DOWNTOWN		free	2
228	0	DOWNTOWN		free	2
229	0	DOWNTOWN		free	2
230	6	DOWNTOWN		free	2
231	25	DOWNTOWN		free	1
232	34	DOWNTOWN		free	0
233	46	DOWNTOWN		free	0
234	57	DOWNTOWN		free	0
235	59	DOWNTOWN	WHALEN STREET	free	0
236	49	DOWNTOWN	WHALEN STREET	free	0
237	46	DOWNTOWN	BURNETT STREET	free	0
238	45	DOWNTOWN	BURNETT STREET	free	0
239	48	DOWNTOWN	BURNETT STREET	free	0
240	23	DOWNTOWN	BURNETT STREET	free	0
241	23	DOWNTOWN	BURNETT STREET	free	0
242	23	DOWNTOWN	BURNETT STREET	free	0
243	23	DOWNTOWN	BURNETT STREET	free	0
244	23	DOWNTOWN	BURNETT STREET	free	0
245	16	DOWNTOWN	BURNETT STREET	free	0
246					0
247					0
248					0
249					0
250					0
251					0
252					0
253					1
254					1
255					0
256					1
257					2
258					1
259					1
260					2
261					2
262	155	DOWNTOWN	TRAVEN STREET	free	1
263	168	DOWNTOWN	TRAVEN STREET	free	1
264	179	DOWNTOWN	TRAVEN STREET	free	1
265	190	DOWNTOWN	TRAVEN STREET	free	1
266	200	DOWNTOWN	TRAVEN STREET	free	1
267	210	DOWNTOWN	TRAVEN STREET	free	0
268	220	DOWNTOWN	TRAVEN STREET	free	0
269	228	DOWNTOWN	TRAVEN STREET	free	1
270	219	DOWNTOWN	TRAVEN STREET	free	1
271	180	DOWNTOWN	TRAVEN STREET	free	1
272	159	DOWNTOWN	BRODY STREET	free	2
273	168	DOWNTOWN	BRODY STREET	free	0
274	180	DOWNTOWN	BRODY STREET	free	0
275	192	DOWNTOWN	BRODY STREET	free	0
276	202	DOWNTOWN	BRODY STREET	free	0
277	210	DOWNTOWN	BRODY STREET	free	0
278	218	FAIRHAVEN	BRODY STREET	free	1
279	220	FAIRHAVEN	BRODY STREET	free	1
280	219	FAIRHAVEN	BRODY STREET	free	2
281	224	FAIRHAVEN	BRODY STREET	free	1
282	225	FAIRHAVEN	BRODY STREET	free	0
283	229	FAIRHAVEN	BRODY STREET	free	0
284	232	FAIRHAVEN	BRODY STREET	free	0
285	238	FAIRHAVEN	BRODY STREET	free	0
286	243	FAIRHAVEN	BRODY STREET	free	0
287	243	MCCLANE	BRODY STREET	free	1
288	242	MCCLANE	BRODY STREET	free	0
289	242	MCCLANE	BRODY STREET	free	1
290	238	MCCLANE	BRODY STREET	free	0
291	234	MCCLANE	BRODY STREET	free	0
292	239	MCCLANE	BRODY STREET	free	0
293	237	MCCLANE	BRODY STREET	free	1
294	241	MCCLANE	HUTCHINSON AVENUE	free	0
295	242	MCCLANE	HUTCHINSON AVENUE	free	0
296	292	MCCLANE	HUTCHINSON AVENUE	free	0
297	221	MCCLANE	HUTCHINSON AVENUE	free	1
298	223	MCCLANE	HUTCHINSON AVENUE	free	0
299	220	MCCLANE	LORENZO AVENUE	free	0
300	234	MCCLANE	LORENZO AVENUE	free	0
301	230	MCCLANE	LORENZO AVENUE	free	0
302	224	MCCLANE	LORENZO AVENUE	free	0
303	221	MCCLANE	LORENZO AVENUE	free	0
304	222	MCCLANE	LORENZO AVENUE	free	0
305	226	MCCLANE	LORENZO AVENUE	free	0
306	225	MCCLANE	LORENZO AVENUE	free	1
307	219	MCCLANE	LORENZO AVENUE	free	2
308	189	MCCLANE	LORENZO AVENUE	free	0
309	182	MCCLANE	RIGGS STREET	free	0
310	184	MCCLANE	RIGGS STREET	free	0
311	145	MCCLANE	RIGGS STREET	free	0
312	125	MCCLANE	MALONE STREET	free	0
313	123	MCCLANE	MALONE STREET	free	0
314	129	MCCLANE	MALONE STREET	free	0
315	142	MCCLANE	MALONE STREET	free	0
316	155	MCCLANE	MALONE STREET	free	0
317	166	MCCLANE	MALONE STREET	free	0
318	171	MCCLANE	MALONE STREET	free	0
319	163	MCCLANE	MALONE STREET	free	0
320	163	MCCLANE	MALONE STREET	free	0
321	173	MCCLANE	MALONE STREET	free	0
322	182	MCCLANE	MALONE STREET	free	0
323	191	MCCLANE	MALONE STREET	free	0
324	200	MCCLANE	MALONE STREET	free	0
325	209	MCCLANE	MALONE STREET	free	0
326	217	MCCLANE	KRUGER AVENUE	free	0
327	223	MCCLANE	KRUGER AVENUE	free	0
328	227	MCCLANE	KRUGER AVENUE	free	0
329	230	MCCLANE	KRUGER AVENUE	free	0
330	230	MCCLANE	KRUGER AVENUE	free	0
331	228	MCCLANE	KRUGER AVENUE	free	0
332	227	MCCLANE	KRUGER AVENUE	free	0
333	232	MCCLANE	KRUGER AVENUE	free	0
334					1
335					1
336					1
337					1
338					0
339					0
340					0
341					0
342					0
343					1
344					1
345					0
346					1
347					1
348					1
349					0
350					0
351					0
352		MCCLANE	KRUGER AVENUE	free	0
353		MCCLANE	KRUGER AVENUE	free	0
354		MCCLANE	KRUGER AVENUE	free	0
355		MCCLANE	KRUGER AVENUE	free	0
356		MCCLANE	KRUGER AVENUE	free	0
357		MCCLANE	KRUGER AVENUE	free	0
358		MCCLANE	KRUGER AVENUE	free	0
359		MCCLANE	KRUGER AVENUE	free	0
360		MCCLANE	KRUGER AVENUE	free	0
361					0
362					0
363					0
364					0
365					0
366					0
367					0
368					1
369					0
370					0
371					0
372					1
373					0
374					3
375					3
376					2
377					1
378					1
379					2
380					1
381					1
382					1
383					1
384					1
385					1
386					1
387					1
388					1
389					0
390					0
391					2
392					1
393					0
394					3
395					2
396					0
397					0
398					0
399					0
400					0
401					0
402					0
403					0
404					0
405					0
406					0
407	0	MCCLANE	CHANCE STREET	free	0
408	0	MCCLANE	CHANCE STREET	free	0
409	0	MCCLANE	CHANCE STREET	free	0
410	0	MCCLANE	CHANCE STREET	free	0
411	0	MCCLANE	CHANCE STREET	free	0
412	3	MCCLANE	CHANCE STREET	free	0
413	7	MCCLANE	CHANCE STREET	free	0
414	11	MCCLANE	CHANCE STREET	free	0
415	16	MCCLANE	CHANCE STREET	free	0
416	25	MCCLANE	CHANCE STREET	free	0
417	37	MCCLANE	CHANCE STREET	free	0
418	58	MCCLANE	CHANCE STREET	free	1
419	62	MCCLANE	CHANCE STREET	free	0
420	81	MCCLANE	CHANCE STREET	free	1
421	84	MCCLANE	CHANCE STREET	free	0
422	88	MCCLANE	CHANCE STREET	free	0
423	91	MCCLANE	KRUGER AVENUE	free	0
424	95	MCCLANE	KRUGER AVENUE	free	0
425	104	MCCLANE	KRUGER AVENUE	free	0
426	116	MCCLANE	KRUGER AVENUE	free	0
427	130	MCCLANE	KRUGER AVENUE	free	0
428	144	MCCLANE	KRUGER AVENUE	free	0
429	139	MCCLANE	KRUGER AVENUE	free	1
430	135	MCCLANE	KRUGER AVENUE	free	0
431	133	MCCLANE	KRUGER AVENUE	free	0
432	134	MCCLANE	KRUGER AVENUE	free	0
433	132	MCCLANE	KRUGER AVENUE	free	0
434	127	MCCLANE	KRUGER AVENUE	free	0
435	119	MCCLANE	KRUGER AVENUE	free	0
436	109	MCCLANE	KRUGER AVENUE	free	1
437	76	MCCLANE	KRUGER AVENUE	free	1
438	57	MCCLANE	KRUGER AVENUE	free	3
439	43	MCCLANE	KRUGER AVENUE	free	3
440	37	MCCLANE	KRUGER AVENUE	free	2
441	17	MCCLANE	KRUGER AVENUE	free	5
442	6	MCCLANE	KRUGER AVENUE	free	7
443	6	MCCLANE	KRUGER AVENUE	free	5
444	14	MCCLANE	KRUGER AVENUE	free	5
445	28	MCCLANE	KRUGER AVENUE	free	2
446	46	MCCLANE	KRUGER AVENUE	free	0
447	55	MCCLANE	KRUGER AVENUE	free	0
448	64	MCCLANE	KRUGER AVENUE	free	2
449	74	MCCLANE	KRUGER AVENUE	free	2
450	69	MCCLANE	KRUGER AVENUE	free	1
451	85	MCCLANE	HUTCHINSON AVENUE	free	2
452	102	MCCLANE	HUTCHINSON AVENUE	free	0
453	116	FAIRHAVEN	HUTCHINSON AVENUE	free	0
454	128	FAIRHAVEN	HUTCHINSON AVENUE	free	1
455	130	FAIRHAVEN	HUTCHINSON AVENUE	free	0
456	123	FAIRHAVEN	HUTCHINSON AVENUE	free	0
457	124	FAIRHAVEN	HUTCHINSON AVENUE	free	0
458	126	FAIRHAVEN	HUTCHINSON AVENUE	free	1
459	127	FAIRHAVEN	HUTCHINSON AVENUE	free	0
460	114	FAIRHAVEN	HUTCHINSON AVENUE	free	3
461	63	FAIRHAVEN	HUTCHINSON AVENUE	free	1
462	38	FAIRHAVEN	HUTCHINSON AVENUE	free	1
463	10	FAIRHAVEN	HUTCHINSON AVENUE	free	1
464	3	FAIRHAVEN	HUTCHINSON AVENUE	free	1
465	4	FAIRHAVEN	HUTCHINSON AVENUE	free	1
466					0
467					0
468					0
469					1
470	0	FAIRHAVEN		free	1
471	3	FAIRHAVEN		free	1
472	16	FAIRHAVEN		free	1
473	39	FAIRHAVEN		free	0
474	43	FAIRHAVEN		free	0
475	50	FAIRHAVEN	HUTCHINSON AVENUE	free	0
476	62	FAIRHAVEN	HUTCHINSON AVENUE	free	0
477	73	FAIRHAVEN	HUTCHINSON AVENUE	free	1
478	77	FAIRHAVEN	HUTCHINSON AVENUE	free	0
479	88	FAIRHAVEN	HUTCHINSON AVENUE	free	0
480		FAIRHAVEN	HUTCHINSON AVENUE	free	0
481		FAIRHAVEN	HUTCHINSON AVENUE	free	2
482		FAIRHAVEN	HUTCHINSON AVENUE	free	1
483		FAIRHAVEN	HUTCHINSON AVENUE	free	0
484		FAIRHAVEN	HUTCHINSON AVENUE	free	0
485		FAIRHAVEN	HUTCHINSON AVENUE	free	0
486		FAIRHAVEN	HUTCHINSON AVENUE	free	0
487		FAIRHAVEN	HUTCHINSON AVENUE	free	1
488		FAIRHAVEN	HUTCHINSON AVENUE	free	0
489		FAIRHAVEN	HUTCHINSON AVENUE	free	2
490		FAIRHAVEN	EXLEY WAY	free	4
491		FAIRHAVEN	EXLEY WAY	free	1
492					1
493					1
494					1
495					2
496					1
497					3
498					3
499					1
500					1
501			MLE Y AWAY		1
502		FAIRHAVEN	EXLEY WAY	free	1
503		FAIRHAVEN	EXLEY WAY	free	1
504	80	FAIRHAVEN	EXLEY WAY	free	1
505	99	FAIRHAVEN	EXLEY WAY	free	0
506	112	FAIRHAVEN	EXLEY WAY	free	0
507	126	FAIRHAVEN	EXLEY WAY	free	1
508	112	FAIRHAVEN	EXLEY WAY	free	0
509	82	FAIRHAVEN	EXLEY WAY	free	1
510	53	FAIRHAVEN	EXLEY WAY	free	1
511	46	FAIRHAVEN	EXLEY WAY	free	0
512	27	FAIRHAVEN	EXLEY WAY	free	1
513	42	FAIRHAVEN	EXLEY WAY	free	0
514	69	FAIRHAVEN	EXLEY WAY	free	1
515	86	FAIRHAVEN	EXLEY WAY	free	0
516	102	FAIRHAVEN	EXLEY WAY	free	0
517	117	FAIRHAVEN	EXLEY WAY	free	0
518	122	FAIRHAVEN	EXLEY WAY	free	0
519	119	FAIRHAVEN	EXLEY WAY	free	0
520	117	FAIRHAVEN	EXLEY WAY	free	0
521	110	FAIRHAVEN	EXLEY WAY	free	2
522	119	FAIRHAVEN	EXLEY WAY	free	0
523	133	FAIRHAVEN	EXLEY WAY	free	1
524	141	FAIRHAVEN	EXLEY WAY	free	0
525	144	FAIRHAVEN	EXLEY WAY	free	1
526	154	FAIRHAVEN	EXLEY WAY	free	0
527	165	FAIRHAVEN	EXLEY WAY	free	1
528	169	FAIRHAVEN	EXLEY WAY	free	1
529	167	FAIRHAVEN	EXLEY WAY	free	0
530	172	FAIRHAVEN	EXLEY WAY	free	0
531	180	FAIRHAVEN	EXLEY WAY	free	0
532	188	FAIRHAVEN	EXLEY WAY	free	2
533	185	FAIRHAVEN	EXLEY WAY	free	0
534	179	FAIRHAVEN	EXLEY WAY	free	1
535	184	FAIRHAVEN	EXLEY WAY	free	2
536	188	HUGHES PARK	ADAMS STREET	free	0
537	184	HUGHES PARK	ADAMS STREET	free	0
538	181	HUGHES PARK	ADAMS STREET	free	0
539	182	HUGHES PARK	ADAMS STREET	free	1
540	181	HUGHES PARK	ADAMS STREET	free	1
541	174	HUGHES PARK	ADAMS STREET	free	0
542	170	HUGHES PARK	ADAMS STREET	free	0
543	150	HUGHES PARK	ADAMS STREET	free	0
544	142	HUGHES PARK	ADAMS STREET	free	0
545	141	HUGHES PARK	ADAMS STREET	free	0
546	134	HUGHES PARK	CLARK STREET	free	1
547	117	HUGHES PARK	CLARK STREET	free	0
548	119	HUGHES PARK	CLARK STREET	free	0
549	129	HUGHES PARK	CLARK STREET	free	0
550	130	HUGHES PARK	CLARK STREET	free	0
551	140	HUGHES PARK	CLARK STREET	free	0
552	150	HUGHES PARK	CLARK STREET	free	0
553	161	HUGHES PARK	CLARK STREET	free	1
554	160	HUGHES PARK	CLARK STREET	free	0
555	150	HUGHES PARK	CLARK STREET	free	0
556	106	HUGHES PARK	CLARK STREET	free	0
557	93	HUGHES PARK	CLARK STREET	free	0
558	71	HUGHES PARK	REYNOLDS LANE	free	1
559	83	HUGHES PARK	REYNOLDS LANE	free	0
560	101	HUGHES PARK	REYNOLDS LANE	free	1
561	118	HUGHES PARK	REYNOLDS LANE	free	0
562	131	FAIRHAVEN	REYNOLDS LANE	free	1
563	134	FAIRHAVEN	REYNOLDS LANE	free	2
564	135	FAIRHAVEN	REYNOLDS LANE	free	3
565	138	FAIRHAVEN	REYNOLDS LANE	free	0
566	145	FAIRHAVEN	REYNOLDS LANE	free	0
567	157	FAIRHAVEN	REYNOLDS LANE	free	0
568	169	FAIRHAVEN	REYNOLDS LANE	free	2
569	166	FAIRHAVEN	REYNOLDS LANE	free	0
570	149	FAIRHAVEN	REYNOLDS LANE	free	0
571	149	FAIRHAVEN	REYNOLDS LANE	free	0
572	156	FAIRHAVEN	REYNOLDS LANE	free	0
573	161	FAIRHAVEN	REYNOLDS LANE	free	0
574	119	FAIRHAVEN	REYNOLDS LANE	free	0
575	111	FAIRHAVEN	REYNOLDS LANE	free	1
576	105	INTERSTATE 92	REYNOLDS LANE	free	0
577	116	INTERSTATE 92	I92 JUNCTION 10	free	0
578	132	INTERSTATE 92	I92 JUNCTION 10	free	0
579	149	INTERSTATE 92	I92 JUNCTION 10	free	0
580	165	INTERSTATE 92	I92 JUNCTION 10	free	0
581	172	INTERSTATE 92	I92 JUNCTION 10	free	0
582	182	INTERSTATE 92	I92 JUNCTION 10	free	0
583	191	INTERSTATE 92	I92 WEST	free	1
584	200	INTERSTATE 92	I92 WEST	free	1
585	189	INTERSTATE 92	I92 WEST	free	0
586	158	INTERSTATE 92	I92 WEST	free	1
587	167	INTERSTATE 92	I92 WEST	free	0
588	164	INTERSTATE 92	I92 WEST	free	0
589	157	INTERSTATE 92	I92 WEST	free	1
590	142	INTERSTATE 92	I92 WEST	free	0
591	140	INTERSTATE 92	I92 WEST	free	0
592	149	INTERSTATE 92	I92 WEST	free	1
593	168	INTERSTATE 92	I92 WEST	free	1
594	166	INTERSTATE 92	I92 WEST	free	2
595	160	INTERSTATE 92	I92 WEST	free	1
596	122	INTERSTATE 92	I92 WEST	free	1
597	89	INTERSTATE 92	I92 WEST	free	2
598	59	INTERSTATE 92	I92 WEST	free	2
599	34	INTERSTATE 92	I92 WEST	free	2
600	9	INTERSTATE 92	I92 WEST	free	1
601					0
602					0
603					0
604					0
605					1
606					1
607					1
608					1
609					2
610					2
611	0	INTERSTATE 92		free	1
612	13	INTERSTATE 92		free	1
613	31	INTERSTATE 92		free	0
614	43	INTERSTATE 92		free	0
615	58	INTERSTATE 92	I92 WEST	free	0
616	78	INTERSTATE 92	I92 WEST	free	0
617	95	INTERSTATE 92	I92 WEST	free	0
618	106	INTERSTATE 92	I92 WEST	free	0
619	119	INTERSTATE 92	I92 WEST	free	0
620	131	INTERSTATE 92	I92 WEST	free	0
621	141	INTERSTATE 92	I92 WEST	free	0
622	148	INTERSTATE 92	I92 WEST	free	0
623	157	INTERSTATE 92	I92 WEST	free	0
624	164	INTERSTATE 92	I92 WEST	free	2
625	170	INTERSTATE 92	I92 WEST	free	1
626	178	INTERSTATE 92	I92 WEST	free	0
627	188	INTERSTATE 92	I92 WEST	free	0
628	183	INTERSTATE 92	I92 WEST	free	0
629	149	INTERSTATE 92	I92 WEST	free	1
630	141	INTERSTATE 92	I92 WEST	free	0
631	135	INTERSTATE 92	I92 WEST	free	0
632	148	INTERSTATE 92	I92 WEST	free	0
633	157	INTERSTATE 92	I92 WEST	free	1
634	162	INTERSTATE 92	I92 WEST	free	1
635	167	INTERSTATE 92	I92 WEST	free	0
636	168	INTERSTATE 92	I92 WEST	free	0
637	173	INTERSTATE 92	I92 WEST	free	3
638	177	INTERSTATE 92	I92 WEST	free	2
639	165	INTERSTATE 92	I92 WEST	free	1
640	160	INTERSTATE 92		free	0
641	154	INTERSTATE 92		free	0
642	145	INTERSTATE 92		free	0
643	127	INTERSTATE 92		free	0
644	117	INTERSTATE 92		free	2
645	99	INTERSTATE 92		free	4
646	47	CALLAHAN INDUSTRIAL		free	7
647	8	CALLAHAN INDUSTRIAL		free	1
648	11	CALLAHAN INDUSTRIAL		free	1
649	30	CALLAHAN INDUSTRIAL		free	1
650	19	CALLAHAN INDUSTRIAL		free	1
651	0	CALLAHAN INDUSTRIAL		free	1
652	12	CALLAHAN INDUSTRIAL		free	4
653	37	CALLAHAN INDUSTRIAL		free	1
654	58	CALLAHAN INDUSTRIAL		free	1
655	76	CALLAHAN INDUSTRIAL	BLOCK ROAD	free	4
656	93	CALLAHAN INDUSTRIAL	BLOCK ROAD	free	1
657	97	CALLAHAN INDUSTRIAL	BLOCK ROAD	free	0
658	77	CALLAHAN INDUSTRIAL	BLOCK ROAD	free	0
659	65	CALLAHAN INDUSTRIAL	BLOCK ROAD	free	1
660	75	CALLAHAN INDUSTRIAL	BLOCK ROAD	free	1
661	67	CALLAHAN INDUSTRIAL	SHOCKLEY ROAD	free	1
662	57	CALLAHAN INDUSTRIAL	SHOCKLEY ROAD	free	1
663	77	CALLAHAN INDUSTRIAL	SHOCKLEY ROAD	free	0
664	96	CALLAHAN INDUSTRIAL	SHOCKLEY ROAD	free	0
665	107	CALLAHAN INDUSTRIAL	SHOCKLEY ROAD	free	1
666	121	CALLAHAN INDUSTRIAL	SHOCKLEY ROAD	free	0
667	129	CALLAHAN INDUSTRIAL	SHOCKLEY ROAD	free	2
668	127	CALLAHAN INDUSTRIAL	SHOCKLEY ROAD	free	2
669	127	CALLAHAN INDUSTRIAL	SHOCKLEY ROAD	free	0
670	76	CALLAHAN INDUSTRIAL	SHOCKLEY ROAD	free	1
671	70	CALLAHAN INDUSTRIAL	CALLAHAN STREET	free	0
672	85	CALLAHAN INDUSTRIAL	CALLAHAN STREET	free	1
673	98	CALLAHAN INDUSTRIAL	CALLAHAN STREET	free	0
674	113	CALLAHAN INDUSTRIAL	CALLAHAN STREET	free	1
675	93	CALLAHAN INDUSTRIAL	CALLAHAN STREET	free	0
676	69	CALLAHAN INDUSTRIAL	CALLAHAN STREET	free	0
677	46	CALLAHAN INDUSTRIAL	CALLAHAN STREET	free	3
678	30	CALLAHAN INDUSTRIAL	CALLAHAN STREET	free	4
679	28	CALLAHAN INDUSTRIAL	CALLAHAN STREET	free	1
680	27	CALLAHAN INDUSTRIAL	CALLAHAN STREET	free	1
681	43	CALLAHAN INDUSTRIAL	CALLAHAN STREET	free	1
682	59	CALLAHAN INDUSTRIAL	CALLAHAN STREET	free	0
683	80	CALLAHAN INDUSTRIAL	CALLAHAN STREET	free	3
684	97	CALLAHAN INDUSTRIAL	CALLAHAN STREET	free	1
685	107	CALLAHAN INDUSTRIAL	CALLAHAN STREET	free	1
686	104	CALLAHAN INDUSTRIAL	CALLAHAN STREET	free	0
687	107	CALLAHAN INDUSTRIAL	BLOCK ROAD	free	0
688	121	CALLAHAN INDUSTRIAL	BLOCK ROAD	free	1
689	134	CALLAHAN INDUSTRIAL	BLOCK ROAD	free	0
690	135	CALLAHAN INDUSTRIAL	BLOCK ROAD	free	1
691	139	CALLAHAN INDUSTRIAL	BLOCK ROAD	free	0
692	147	CALLAHAN INDUSTRIAL	BLOCK ROAD	free	0
693	98	CALLAHAN INDUSTRIAL	BLOCK ROAD	free	1
694	59	CALLAHAN INDUSTRIAL	BLOCK ROAD	free	1
695	39	CALLAHAN INDUSTRIAL	BLOCK ROAD	free	2
696	4	CALLAHAN INDUSTRIAL	BLOCK ROAD	free	1
697	9	CALLAHAN INDUSTRIAL	BLOCK ROAD	free	0
698	29	CALLAHAN INDUSTRIAL	BLOCK ROAD	free	0
699	26	CALLAHAN INDUSTRIAL	BLOCK ROAD	free	0
700	24	CALLAHAN INDUSTRIAL	BLOCK ROAD	free	0
701	20	CALLAHAN INDUSTRIAL	BLOCK ROAD	free	0
702	26	CALLAHAN INDUSTRIAL	BLOCK ROAD	free	0
703	32	CALLAHAN INDUSTRIAL	BLOCK ROAD	free	0
704	27	CALLAHAN INDUSTRIAL	BLOCK ROAD	free	0
705	0	CALLAHAN INDUSTRIAL	BLOCK ROAD	free	0
706					0
707					0
708					0
709					0
710					0
711					0
712					0
713					0
714					0
715					0
716					0
717					0
718					0
719					0
720					0
721					0
722					0
723					0
724					0
725					0
726					0
727					0
728					0
729					0
730					0
731					0
732					0
733					0
734					0
735					1
736					0
737	136	CALLAHAN INDUSTRIAL	BLOCK ROAD	free	0
738	146	CALLAHAN INDUSTRIAL	BLOCK ROAD	free	0
739	152	CALLAHAN INDUSTRIAL	BLOCK ROAD	free	1
740	160	CALLAHAN INDUSTRIAL	BLOCK ROAD	free	0
741	165	CALLAHAN INDUSTRIAL	BLOCK ROAD	free	1
742	163	CALLAHAN INDUSTRIAL	BLOCK ROAD	free	0
743	167				1
744	169	CALLAHAN INDUSTRIAL	BLOCK ROAD	free	0
745	170	CALLAHAN INDUSTRIAL	BLOCK ROAD	free	0
746	170	CALLAHAN INDUSTRIAL	BLOCK ROAD	free	0
747	179	CALLAHAN INDUSTRIAL	BLOCK ROAD	free	0
748	163	CALLAHAN INDUSTRIAL	BLOCK ROAD	free	1
749	146	CALLAHAN INDUSTRIAL	BLOCK ROAD	free	1
750	153	CALLAHAN INDUSTRIAL	BLOCK ROAD	free	1
751	163	CALLAHAN INDUSTRIAL	BLOCK ROAD	free	1
752	172	CALLAHAN INDUSTRIAL	BLOCK ROAD	free	0
753	183	CALLAHAN INDUSTRIAL	BLOCK ROAD	free	1
754	191	CALLAHAN INDUSTRIAL	BLOCK ROAD	free	0
755	198	CALLAHAN INDUSTRIAL	BLOCK ROAD	free	0
756	203	CALLAHAN INDUSTRIAL	BLOCK ROAD	free	0
757	209	INTERSTATE 92	BLOCK ROAD	free	0
758	215	INTERSTATE 92	BEDDOE DRIVE	free	0
759	220	CALLAHAN INDUSTRIAL	BEDDOE DRIVE	free	0
760	223	CALLAHAN INDUSTRIAL	BEDDOE DRIVE	free	0
761	207	CALLAHAN INDUSTRIAL	BEDDOE DRIVE	free	0
762	195	CALLAHAN INDUSTRIAL	BEDDOE DRIVE	free	0
763	194	CALLAHAN INDUSTRIAL	BEDDOE DRIVE	free	0
764	164	CALLAHAN INDUSTRIAL	BEDDOE DRIVE	free	1
765	157	CALLAHAN INDUSTRIAL	BEDDOE DRIVE	free	0
766	164	CALLAHAN INDUSTRIAL	BEDDOE DRIVE	free	1
767	168	CALLAHAN INDUSTRIAL	BEDDOE DRIVE	free	0
768	159	CALLAHAN INDUSTRIAL	BEDDOE DRIVE	free	0
769	152	CALLAHAN INDUSTRIAL	BEDDOE DRIVE	free	0
770	151	CALLAHAN INDUSTRIAL	BEDDOE DRIVE	free	0
771	158	CALLAHAN INDUSTRIAL	BEDDOE DRIVE	free	0
772	165	CALLAHAN INDUSTRIAL	BEDDOE DRIVE	free	1
773	171	CALLAHAN INDUSTRIAL	BEDDOE DRIVE	free	0
774	175	CALLAHAN INDUSTRIAL	BEDDOE DRIVE	free	0
775	164	CALLAHAN INDUSTRIAL	BEDDOE DRIVE	free	1
776	163	CALLAHAN INDUSTRIAL	BEDDOE DRIVE	free	0
777	150	CALLAHAN INDUSTRIAL	BEDDOE DRIVE	free	0
778	149	CALLAHAN INDUSTRIAL	BEDDOE DRIVE	free	1
779	150	CALLAHAN INDUSTRIAL	BEDDOE DRIVE	free	0
780	160	CALLAHAN INDUSTRIAL	HEFLIN DRIVE	free	0
781	172	CALLAHAN INDUSTRIAL	HEFLIN DRIVE	free	0
782	183	CALLAHAN INDUSTRIAL	HEFLIN DRIVE	free	0
783	189	CALLAHAN INDUSTRIAL	HEFLIN DRIVE	free	1
784	192	FAIRHAVEN	HEFLIN DRIVE	free	1
785	197	FAIRHAVEN	HEFLIN DRIVE	free	1
786	201	FAIRHAVEN	HEFLIN DRIVE	free	0
787	199	FAIRHAVEN	HEFLIN DRIVE	free	0
788	186	FAIRHAVEN	HEFLIN DRIVE	free	0
789	184	FAIRHAVEN	HEFLIN DRIVE	free	1
790	188	FAIRHAVEN	HEFLIN DRIVE	free	0
791	192	FAIRHAVEN	HEFLIN DRIVE	free	0
792	196	FAIRHAVEN	HEFLIN ORIVE	free	0
793	201	FAIRHAVEN	HEFLIN DRIVE	free	0
794	206	FAIRHAVEN	HEFLIN DRIVE	free	0
795	212	FAIRHAVEN	HEFLIN DRIVE	free	0
796	219	FAIRHAVEN	HEFLIN DRIVE	free	1
797	226	FAIRHAVEN	HEFLIN DRIVE	free	0
798	233	FAIRHAVEN	HEFLIN DRIVE	free	0
799	239	FAIRHAVEN	HEFLIN DRIVE	free	0
800	244	FAIRHAVEN	HEFLIN DRIVE	free	0
801	246	FAIRHAVEN	HEFLIN DRIVE	free	0
802	217	FAIRHAVEN	HEFLIN DRIVE	free	0
803	179	FAIRHAVEN	HEFLIN DRIVE	free	0
804	171	FAIRHAVEN	HEFLIN DRIVE	free	0
805	179	FAIRHAVEN	HEFLIN DRIVE	free	0
806	172	FAIRHAVEN	HEFLIN DRIVE	free	0
807	175	FAIRHAVEN	HEFLIN DRIVE	free	0
808	179	FAIRHAVEN	HEFLIN DRIVE	free	0
809	161	FAIRHAVEN	HEFLIN DRIVE	free	0
810	159	FAIRHAVEN	HEFLIN DRIVE	free	2
811	145	FAIRHAVEN	HEFLIN DRIVE	free	3
812	144	FAIRHAVEN	HEFLIN DRIVE	free	1
813	147	FAIRHAVEN	HEFLIN DRIVE	free	0
814	156	THE BELTWAY	HEFLIN DRIVE	free	1
815	164	THE BELTWAY	BLOOMGUARD STREET	free	0
816		THE BELTWAY	BLOOMGUARD STREET	free	1
817		THE BELTWAY	BLOOMGUARD STREET	free	0
818		THE BELTWAY	BLOOMGUARD STREET	free	1
819		THE BELTWAY	BLOOMGUARD STREET	free	0
820		THE BELTWAY	BLOOMGUARD STREET	free	0
821		THE BELTWAY	BLOOMGUARD STREET	free	0
822		THE BELTWAY	BLOOMGUARD STREET	free	0
823		THE BELTWAY	BLOOMGUARD STREET	free	0
824		THE BELTWAY	BLOOMGUARD STREET	free	0
825		THE BELTWAY	BLOOMGUARD STREET	free	0
826		THE BELTWAY	BLOOMGUARD STREET	free	0
827		THE BELTWAY	BLOOMGUARD STREET	free	0
828		THE BELTWAY	BLOOMGUARD STREET	free	0
829					0
830					0
831					0
832					0
833					0
834					0
835					0
836					0
837					0
838					0
839					0
840					0
841					0
842					0
843					0
844					0
845					0
846					0
847					0
848					0
849					0
850					0
851					0
852					0
853					1
854					0
855					0
856					0
857					0
858					0
859					1
860	72	THE BELTWAY	BLOOMGUARD STREET	free	0
861	32	THE BELTWAY	BLOOMGUARD STREET	free	2
862	26	THE BELTWAY	BLOOMGUARD STREET	free	1
863	25	THE BELTWAY	BLOOMGUARD STREET	free	1
864	38	THE BELTWAY	BLOOMGUARD STREET	free	2
865	49	THE BELTWAY	BLOOMGUARD STREET	free	1
866	57	THE BELTWAY	BLOOMGUARD STREET	free	1
867	55	THE BELTWAY	BLOOMGUARD STREET	free	2
868	48	THE BELTWAY	BLOOMGUARD STREET	free	3
869	44	THE BELTWAY	BLOOMGUARD STREET	free	1
870	38	THE BELTWAY	BLOOMGUARD STREET	free	0
871	42	THE BELTWAY	BLOOMGUARD STREET	free	1
872	50	THE BELTWAY	BLOOMGUARD STREET	free	0
873	57	THE BELTWAY	BLOOMGUARD STREET	free	0
874	74	THE BELTWAY	BLOOMGUARD STREET	free	1
875	76	THE BELTWAY	BLOOMGUARD STREET	free	0
876	27	THE BELTWAY	BLOOMGUARD STREET	free	1
877	17	THE BELTWAY	BLOOMGUARD STREET	free	0
878	9	THE BELTWAY	BLOOMGUARD STREET	free	0
879	0	THE BELTWAY	BLOOMGUARD STREET	free	1
880	17	THE BELTWAY	BLOOMGUARD STREET	free	0
881	42	THE BELTWAY	BLOOMGUARD STREET	free	1
882	63	THE BELTWAY	BLOOMGUARD STREET	free	1
883	71	THE BELTWAY	BLOOMGUARD STREET	free	1
884	57	THE BELTWAY	BLOOMGUARD STREET	free	1
885	58	THE BELTWAY	GUNDERSON AVENUE SOUTH	free	0
886	71	THE BELTWAY	GUNDERSON AVENUE SOUTH	free	2
887	70	THE BELTWAY	GUNDERSON AVENUE SOUTH	free	2
888	83	THE BELTWAY	GUNDERSON AVENUE SOUTH	free	0
889	74	THE BELTWAY	BLOOMGUARD STREET	free	0
890	77	THE BELTWAY	BLOOMGUARD STREET	free	0
891	82	THE BELTWAY	BLOOMGUARD STREET	free	0
892	77	THE BELTWAY	BLOOMGUARD STREET	free	0
893	67	THE BELTWAY	BLOOMGUARD STREET	free	1
894	40	THE BELTWAY	BLOOMGUARD STREET	free	0
895	28	THE BELTWAY	BLOOMGUARD STREET	free	0
896					0
897					0
898					0
899					0
900					0
901					0
902	0	THE BELTWAY	BLOOMGUARD STREET	free	0
903	8	THE BELTWAY	BLOOMGUARD STREET	free	0
904	30	THE BELTWAY	BLOOMGUARD STREET	free	0
905	48	THE BELTWAY	BLOOMGUARD STREET	free	0
906	62	THE BELTWAY	BLOOMGUARD STREET	free	0
907	57	THE BELTWAY	BLOOMGUARD STREET	free	0
908	66	THE BELTWAY	BLOOMGUARD STREET	free	0
909	84	THE BELTWAY	BLOOMGUARD STREET	free	0
910	96	THE BELTWAY	BLOOMGUARD STREET	free	0
911	103	THE BELTWAY	BLOOMGUARD STREET	free	0
912	112	THE BELTWAY	BLOOMGUARD STREET	free	0
913	120	THE BELTWAY	BLOOMGUARD STREET	free	0
914	131	THE BELTWAY	BLOOMGUARD STREET	free	0
915	141	THE BELTWAY	BLOOMGUARD STREET	free	1
916	150	THE BELTWAY	GUNDERSON AVENUE SOUTH	free	0
917	160	THE BELTWAY	GUNDERSON AVENUE SOUTH	free	0
918	169	THE BELTWAY	GUNDERSON AVENUE SOUTH	free	0
919	169	THE BELTWAY	GUNDERSON AVENUE SOUTH	free	0
920	161	THE BELTWAY	GUNDERSON AVENUE SOUTH	free	0
921	155	DOWNTOWN	GUNDERSON AVENUE SOUTH	free	0
922	133	DOWNTOWN	GUNDERSON AVENUE SOUTH	free	1
923	119	DOWNTOWN	GUNDERSON AVENUE SOUTH	free	1
924	121	DOWNTOWN	GUNDERSON AVENUE SOUTH	free	2
925	123	DOWNTOWN	GUNDERSON AVENUE SOUTH	free	3
926	125	DOWNTOWN	GUNDERSON AVENUE SOUTH	free	1
927	128	DOWNTOWN	GUNDERSON AVENUE SOUTH	free	0
928	137	DOWNTOWN	GUNDERSON AVENUE SOUTH	free	0
929	147	DOWNTOWN	GUNDERSON AVENUE SOUTH	free	0
930	153	DOWNTOWN	GUNDERSON AVENUE SOUTH	free	0
931	147	DOWNTOWN	GUNDERSON AVENUE SOUTH	free	0
932	149	DOWNTOWN	GUNDERSON AVENUE SOUTH	free	3
933	153	DOWNTOWN	BRODY STREET	free	2
934	135	DOWNTOWN	BRODY STREET	free	2
935	88	DOWNTOWN	BRODY STREET	free	1
936	65	DOWNTOWN	BRODY STREET	free	0
937	61	DOWNTOWN	MCELROY STREET	free	1
938	34	DOWNTOWN	MCELROY STREET	free	1
939	14	DOWNTOWN	MCELROY STREET	free	2
940	2	DOWNTOWN	MCELROY STREET	free	1
941	0	DOWNTOWN	MCELROY STREET	free	1
942	8	DOWNTOWN	MCELROY STREET	free	1
943	14	DOWNTOWN	MCELROY STREET	free	2
944	25	DOWNTOWN	MCELROY STREET	free	1
945	40	DOWNTOWN	MCELROY STREET	free	1
946	45	DOWNTOWN	MCELROY STREET	free	4
947	55	DOWNTOWN	MCELROY STREET	free	2
948	60	DOWNTOWN	MCELROY STREET	free	0
949	53	DOWNTOWN	BRODY STREET	free	0
950	60	DOWNTOWN	BRODY STREET	free	0
951	71	DOWNTOWN	BRODY STREET	free	0
952	81	DOWNTOWN	BRODY STREET	free	1
953	91	DOWNTOWN	BRODY STREET	free	3
954	100	DOWNTOWN	BRODY STREET	free	2
955	97	DOWNTOWN	BRODY STREET	free	0
956	103	DOWNTOWN	BRODY STREET	free	4
957	110	DOWNTOWN	BRODY STREET	free	1
958	114	DOWNTOWN	BRODY STREET	free	1
959	119	DOWNTOWN	BRODY STREET	free	1
960	128	FAIRHAVEN	BRODY STREET	free	1
961	129	FAIRHAVEN	BRODY STREET	free	1
962	122	FAIRHAVEN	BRODY STREET	free	0
963	123	FAIRHAVEN	BRODY STREET	free	2
964	129	FAIRHAVEN	BRODY STREET	free	1
965	133	FAIRHAVEN	BRODY STREET	free	0
966	133	FAIRHAVEN	BRODY STREET	free	1
967	140	FAIRHAVEN	BRODY STREET	free	0
968	148	FAIRHAVEN	BRODY STREET	free	0
969	152	FAIRHAVEN	BRODY STREET	free	0
970	144	FAIRHAVEN	BRODY STREET	free	1
971	138	FAIRHAVEN	BRODY STREET	free	0
972	130	FAIRHAVEN	BRODY STREET	free	0
973	128	FAIRHAVEN	BRODY STREET	free	0
974	136	MCCLANE	BRODY STREET	free	0
975	146	MCCLANE	BRODY STREET	free	0
976	152	MCCLANE	BRODY STREET	free	0
977	163	MCCLANE	BRODY STREET	free	0
978	166	MCCLANE	BRODY STREET	free	1
979	164	MCCLANE	BRODY STREET	free	0
980	168	MCCLANE	BRODY STREET	free	0
981	158	MCCLANE	BRODY STREET	free	0
982	160	MCCLANE	BRODY STREET	free	2
983	163	MCCLANE	BRODY STREET	free	2
984	163	MCCLANE	BRODY STREET	free	2
985	163	MCCLANE	HUTCHINSON AVENUE	free	3
986	160	MCCLANE	HUTCHINSON AVENUE	free	1
987	138	MCCLANE	HUTCHINSON AVENUE	free	2
988	122	MCCLANE	HUTCHINSON AVENUE	free	2
989	120	MCCLANE	HUTCHINSON AVENUE	free	0
990	120	MCCLANE	HUTCHINSON AVENUE	free	2
991	129	MCCLANE	LORENZO AVENUE	free	1
992	134	MCCLANE	LORENZO AVENUE	free	0
993	149	MCCLANE	LORENZO AVENUE	free	0
994	144	MCCLANE	LORENZO AVENUE	free	0
995	144	MCCLANE	LORENZO AVENUE	free	1
996	149	MCCLANE	LORENZO AVENUE	free	1
997	145	MCCLANE	LORENZO AVENUE	free	2
998	148	MCCLANE	LORENZO AVENUE	free	1
999	152	MCCLANE	LORENZO AVENUE	free	1
1000	152	MCCLANE	LORENZO AVENUE	free	3
1001	148	MCCLANE	LORENZO AVENUE	free	1
1002	146	MCCLANE	LORENZO AVENUE	free	1
1003	97	MCCLANE	LORENZO AVENUE	free	0
1004	49	MCCLANE	LORENZO AVENUE	free	1
1005	60	MCCLANE	LORENZO AVENUE	free	1
1006	57	MCCLANE	LORENZO AVENUE	free	0
1007	50	MCCLANE	LORENZO AVENUE	free	0
1008	41	MCCLANE	LORENZO AVENUE	free	1
1009	38	MCCLANE	LORENZO AVENUE	free	0
1010	47	MCCLANE	LORENZO AVENUE	free	0
1011	41	MCCLANE	LORENZO AVENUE	free	0
1012	35	MCCLANE	LORENZO AVENUE	free	0
1013	19	MCCLANE	LORENZO AVENUE	free	0
1014					0
1015					0
1016					0
1017					0
1018					0
1019					0
1020					0
1021					0
1022					0
1023					1
1024					1
1025					1
1026					0
1027					1
1028					0
1029					1
1030					0
1031					1
1032					0
1033					0
1034					2
1035					1
1036					1
1037					0
1038					1
1039					0
1040					0
1041					1
1042					1
1043					1
1044					0
1045					1
1046					1
1047					0
1048					1
1049					1
1050					1
1051					1
1052					0
1053					0
1054					0
1055					0
1056					1
1057					1
1058					0
1059					0
1060					0
1061					2
1062					0
1063					0
1064					1
1065					0
1066					0
1067					1
1068					2
1069					0
1070					1
1071					1
1072					0
1073	124	MCCLANE	I92 EAST	free	0
1074	128	MCCLANE	I92 EAST	free	0
1075	136	MCCLANE	I92 EAST	free	1
1076	135	MCCLANE	I92 EAST	seen	0
1077	136	MCCLANE	I92 EAST	free	0
1078	142	MCCLANE	I92 EAST	seen	1
1079	149	MCCLANE	I92 EAST	free	2
1080	145	MCCLANE	I92 EAST	seen	0
1081	147	MCCLANE	I92 EAST	free	0
1082	141	MCCLANE	I92 EAST	seen	0
1083	144	MCCLANE	I92 EAST	free	1
1084	150	MCCLANE	I92 EAST	seen	0
1085	161	MCCLANE	I92 EAST	seen	0
1086	159	MCCLANE	I92 EAST	seen	0
1087	136	MCCLANE	I92 EAST	seen	0
1088	130	INTERSTATE 92	I92 JUNCTION	seen	0
1089	143	INTERSTATE 92	I92 JUNCTION	seen	0
1090	151	INTERSTATE 92	I92 JUNCTION	seen	1
1091	161	INTERSTATE 92	I92 JUNCTION	seen	0
1092	170	INTERSTATE 92	I92 JUNCTION	seen	0
1093	178	INTERSTATE 92	I92 EAST	seen	0
1094	180	INTERSTATE 92	I92 EAST	seen	0
1095	183	INTERSTATE 92	I92 EAST	seen	0
1096	184	INTERSTATE 92	I92 EAST	seen	0
1097	184	INTERSTATE 92	I92 EAST	seen	1
1098	188	INTERSTATE 92	I92 EAST	seen	0
1099	192	INTERSTATE 92	I92 EAST	seen	0
1100	198	INTERSTATE 92	I92 EAST	seen	0
1101	199	INTERSTATE 92	I92 EAST	seen	0
1102	201	INTERSTATE 92	I92 EAST	seen	0
1103	200	INTERSTATE 92	I92 EAST	seen	0
1104	201	INTERSTATE 92	I92 EAST	seen	0
1105	202	INTERSTATE 92	I92 EAST	seen	0
1106	199	INTERSTATE 92	I92 EAST	seen	0
1107	197	INTERSTATE 92	I92 EAST	seen	0
1108	199	INTERSTATE 92	I92 EAST	seen	1
1109	159	INTERSTATE 92	I92 EAST	seen	3
1110	140	INTERSTATE 92	I92 EAST	seen	4
1111	59	INTERSTATE 92	I92 EAST	seen	0
1112	3	INTERSTATE 92	I92 EAST	seen	0
1113	15	INTERSTATE 92	I92 EAST	seen	0
1114	34	INTERSTATE 92	I92 EAST	seen	0
1115	58	INTERSTATE 92	I92 EAST	seen	0
1116	79	INTERSTATE 92	I92 EAST	seen	0
1117	97	INTERSTATE 92	I92 EAST	seen	0
1118	110	INTERSTATE 92	I92 EAST	seen	0
1119	122	INTERSTATE 92	I92 EAST	seen	0
1120	130	INTERSTATE 92	I92 EAST	seen	0
1121	130	INTERSTATE 92	I92 EAST	seen	0
1122	138	INTERSTATE 92	I92 EAST	seen	0
1123	146	INTERSTATE 92	I92 EAST	seen	0
1124	153	INTERSTATE 92	I92 EAST	seen	0
1125	157	INTERSTATE 92	I92 EAST	seen	0
1126	163	INTERSTATE 92	I92 EAST	seen	0
1127	169	INTERSTATE 92	I92 EAST	cooldown	0
1128	153	INTERSTATE 92	I92 EAST	cooldown	0
1129	145	INTERSTATE 92	I92 EAST	cooldown	1
1130	142	INTERSTATE 92	I92 EAST	cooldown	0
1131	142	INTERSTATE 92	I92 EAST	cooldown	0
1132	140	INTERSTATE 92	I92 EAST	cooldown	0
1133	149	INTERSTATE 92	I92 EAST	cooldown	0
1134	150	INTERSTATE 92	I92 EAST	cooldown	0
1135	147	INTERSTATE 92	I92 EAST	cooldown	0
1136	142	INTERSTATE 92	I92 EAST	cooldown	1
1137	149	INTERSTATE 92	I92 EAST	cooldown	1
1138	151	INTERSTATE 92	I92 EAST	cooldown	0
1139	157	INTERSTATE 92	I92 EAST	cooldown	0
1140	166	INTERSTATE 92	I92 EAST	free	0
1141	175	INTERSTATE 92	I92 EAST	free	0
1142	178	INTERSTATE 92	I92 EAST	free	0
1143	149	INTERSTATE 92	I92 EAST	free	0
1144	109	INTERSTATE 92	I92 EAST	free	0
1145	71	MCCLANE	I92 EAST	cooldown	0
1146	28	MCCLANE	I92 EAST	cooldown	0
1147	44	MCCLANE	I92 EAST	seen	0
1148	59	MCCLANE	I92 EAST	seen	0
1149	77	MCCLANE	I92 EAST	seen	1
1150	94	INTERSTATE 92	I92 EAST	seen	0
1151	105	INTERSTATE 92	I92 EAST	seen	1
1152	116	INTERSTATE 92	I92 EAST	seen	0
1153	95	INTERSTATE 92	I92 EAST	seen	1
1154	59	INTERSTATE 92	I92 EAST	seen	0
1155	76	INTERSTATE 92	I92EAST	seen	0
1156	96	INTERSTATE 92	I92EAST	seen	0
1157	116	INTERSTATE 92	I92 EAST	seen	0
1158	137	INTERSTATE 92	I92EAST	seen	0
1159	157	INTERSTATE 92	I92 EAST	cooldown	1
1160	161	INTERSTATE 92	I92 EAST	cooldown	0
1161	166	INTERSTATE 92	I92 EAST	cooldown	0
1162	169	INTERSTATE 92	I92 EAST	cooldown	0
1163	159	INTERSTATE 92	I92 EAST	cooldown	0
1164	161	INTERSTATE 92	I92 EAST	cooldown	0
1165	166	INTERSTATE 92	I92 EAST	cooldown	0
1166	160	INTERSTATE 92	I92 EAST	cooldown	0
1167	151	INTERSTATE 92	I92 EAST	cooldown	1
1168	128	INTERSTATE 92	I92 EAST	cooldown	0
1169	129	INTERSTATE 92	I92 EAST	cooldown	0
1170	127	INTERSTATE 92	I92 EAST	cooldown	0
1171	130	INTERSTATE 92	I92 EAST	cooldown	0
1172	132	INTERSTATE 92	I92 EAST	cooldown	0
1173	129	INTERSTATE 92	I92 EAST	cooldown	0
1174	126	INTERSTATE 92	I92 EAST	cooldown	0
1175	124	INTERSTATE 92	I92 EAST	cooldown	0
1176	115	INTERSTATE 92	I92 EAST	cooldown	0
1177	109	INTERSTATE 92	I92 EAST	cooldown	0
1178	118	INTERSTATE 92	I92 EAST	cooldown	0
1179	129	INTERSTATE 92	I92 EAST	cooldown	0
1180	129	INTERSTATE 92	I92 EAST	cooldown	0
1181	129	INTERSTATE 92	I92 EAST	cooldown	0
1182	127	INTERSTATE 92	I92 EAST	cooldown	1
1183	125	INTERSTATE 92	I92 EAST	cooldown	1
1184	127	INTERSTATE 92	I92 EAST	cooldown	0
1185	127	INTERSTATE 92	I92 EAST	cooldown	0
1186	130	INTERSTATE 92	I92 EAST	cooldown	0
1187	135	INTERSTATE 92	I92 EAST	cooldown	0
1188	139	INTERSTATE 92	I92 EAST	cooldown	0
1189	136	INTERSTATE 92	I92 EAST	cooldown	0
1190	132	INTERSTATE 92	I92 EAST	cooldown	0
1191	133	INTERSTATE 92	I92 EAST	cooldown	0
1192					1
1193					0
1194					0
1195					0
1196					0
1197					0
1198					0
1199					0
1200					0
1201					0
1202					0
1203					0
1204					0
1205					0
1206					0
1207					0
1208					0
1209					0
1210					0
1211					0
1212					0
1213					1
1214					1
1215					2
1216					1
1217					1
1218	102	INTERSTATE 92	I92 EAST	free	1
1219	95	INTERSTATE 92	I92 EAST	free	2
1220	91	INTERSTATE 92	I92 EAST	free	1
1221	84	INTERSTATE 92	I92 EAST	free	1
1222					1
1223					1
1224					1
1225					1
1226					1
1227					1
1228					1
1229					0
1230					0
1231					0
1232					0
1233	0	INTERSTATE 92	I92 EAST	free	0
1234	2	INTERSTATE 92	I92 EAST	free	0
1235	14	INTERSTATE 92	I92 EAST	free	0
1236	18	INTERSTATE 92	I92 EAST	free	0
1237	15	INTERSTATE 92	I92 EAST	free	0
1238	33	INTERSTATE 92	I92 EAST	free	0
1239	58	INTERSTATE 92	I92 EAST	free	0
1240	81	INTERSTATE 92	I92 EAST	free	0
1241	99	INTERSTATE 92	I92 EAST	free	0
1242	116	INTERSTATE 92	I92 EAST	free	0
1243	130	INTERSTATE 92	I92 EAST	free	1
1244	142	INTERSTATE 92	I92 EAST	free	3
1245	148	INTERSTATE 92	I92 EAST	free	1
1246	149	INTERSTATE 92	I92 EAST	free	0
1247	138	INTERSTATE 92	I92 EAST	free	1
1248	98	INTERSTATE 92	I92 EAST	free	1
1249	56	INTERSTATE 92	I92 EAST	free	1
1250	28	INTERSTATE 92	I92 EAST	free	1
1251	33	INTERSTATE 92	I92 EAST	free	0
1252	52	INTERSTATE 92	I92 EAST	free	1
1253	72	INTERSTATE 92	I92 EAST	free	2
1254	92	INTERSTATE 92	I92 EAST	free	1
1255	108	INTERSTATE 92	I92 EAST	free	1
1256	129	INTERSTATE 92	I92 EAST	free	1
1257	140	INTERSTATE 92	I92 EAST	free	0
1258	150	INTERSTATE 92	I92 EAST	free	1
1259	156	INTERSTATE 92	I92 EAST	free	1
1260	174	INTERSTATE 92	I92 EAST	free	1
1261	63	INTERSTATE 92	I92 EAST	free	2
1262	45	INTERSTATE 92	I92 EAST	free	2
1263	29	INTERSTATE 92	I92 EAST	free	1
1264	3	INTERSTATE 92	I92 EAST	free	1
1265	12	INTERSTATE 92	I92 EAST	free	0
1266	36	INTERSTATE 92	I92 EAST	free	1
1267	57	INTERSTATE 92	I92 EAST	free	2
1268	77	INTERSTATE 92	I92 EAST	free	2
1269	66	INTERSTATE 92	I92 EAST	free	1
1270	30	INTERSTATE 92	I92 EAST	free	2
1271	4	INTERSTATE 92	I92 EAST	free	1
1272	3	INTERSTATE 92	I92 EAST	free	1
1273	22	INTERSTATE 92	I92 EAST	free	0
1274	40	INTERSTATE 92	I92 EAST	free	1
1275	62	INTERSTATE 92	I92 EAST	free	0
1276	84	INTERSTATE 92	I92 EAST	free	0
1277	100	INTERSTATE 92	I92 EAST	free	2
1278	114	INTERSTATE 92	I92 EAST	free	0
1279	130	INTERSTATE 92	I92 EAST	free	1
1280	144	INTERSTATE 92	I92 EAST	free	3
1281	152	INTERSTATE 92	I92 EAST	free	1
1282	162	INTERSTATE 92	I92 EAST	free	1
1283	170	INTERSTATE 92	I92 EAST	free	0
1284	167	INTERSTATE 92	I92 EAST	free	1
1285	174	INTERSTATE 92	I92 EAST	free	0
1286	185	INTERSTATE 92	I92 EAST	free	0
1287	189	INTERSTATE 92	I92 EAST	free	0
1288	181	INTERSTATE 92	I92 EAST	free	0
1289	178	INTERSTATE 92	I92 EAST	free	1
1290	178	INTERSTATE 92	I92 EAST	free	1
1291	179	INTERSTATE 92	I92 EAST	free	0
1292	179	INTERSTATE 92	I92 EAST	free	4
1293	179	INTERSTATE 92	I92 EAST	free	1
1294	177	INTERSTATE 92	I92 EAST	free	1
1295	180	INTERSTATE 92	I92 EAST	free	1
1296	186	INTERSTATE 92	I92 EAST	free	0
1297	191	INTERSTATE 92	I92 EAST	free	0
1298	197	INTERSTATE 92	I92 EAST	free	0
1299	196	INTERSTATE 92	I92 EAST	free	0
1300	187	INTERSTATE 92	I92 EAST	free	0
1301	193	INTERSTATE 92	I92 EAST	free	2
1302	199	INTERSTATE 92	I92 EAST	free	1
1303	199	INTERSTATE 92	I92 EAST	free	2
1304	186	INTERSTATE 92	I92 EAST	free	1
1305	179	INTERSTATE 92	I92 SOUTH	free	1
1306	176	INTERSTATE 92	I92 SOUTH	free	2
1307	174	MCCLANE	I92 SOUTH	free	1
1308	139	MCCLANE	I92 SOUTH	free	2
1309	87	MCCLANE	I92 SOUTH	free	0
1310	37	MCCLANE	I92 SOUTH	free	1
1311	49	MCCLANE	I92 SOUTH	free	3
1312	62	MCCLANE	I92 SOUTH	free	3
1313	83	MCCLANE	I92 SOUTH	free	4
1314	99	MCCLANE	I92 SOUTH	free	1
1315	119	MCCLANE	I92 SOUTH	free	1
1316	115	MCCLANE	I92 SOUTH	free	3
1317	118	INTERSTATE 92	I92 SOUTH	free	1
1318	129	INTERSTATE 92	I92 SOUTH	free	0
1319	119	INTERSTATE 92	I92 SOUTH	free	2
1320	78	INTERSTATE 92	I92 SOUTH	free	3
1321	55	INTERSTATE 92	I92 SOUTH	free	0
1322	51	INTERSTATE 92	I92 SOUTH	free	0
1323	68	INTERSTATE 92	I92 JUNCTION	free	0
1324	92	INTERSTATE 92	I92 JUNCTION	free	1
1325	102	INTERSTATE 92	I92 JUNCTION 3	free	2
1326	98	INTERSTATE 92	I92 JUNCTION	free	2
1327	95	MCCLANE	I92 JUNCTION 3	free	2
1328	103	MCCLANE	I92 JUNCTION	free	1
1329	97	MCCLANE	I92 JUNCTION	free	0
1330	92	MCCLANE	I92 JUNCTION	free	0
1331	81	MCCLANE	I92 JUNCTION	free	0
1332	81	MCCLANE	I92 JUNCTION	free	0
1333	59	MCCLANE	I92 JUNCTION	free	0
1334	39	MCCLANE	I92 JUNCTION	free	0
1335	31	MCCLANE	I92 JUNCTION	free	0
1336	17	MCCLANE	I92 JUNCTION	free	1
1337	10	MCCLANE	I92 JUNCTION	free	1
1338	36	MCCLANE	I92 JUNCTION	free	1
1339	47	MCCLANE	I92 JUNCTION	free	1
1340	35	MCCLANE	I92 JUNCTION	free	1
1341	5	MCCLANE	I92 JUNCTION	free	1
1342	18	MCCLANE	I92 JUNCTION	free	0
1343	47	MCCLANE	I92 JUNCTION	free	0
1344	69	MCCLANE	I92 JUNCTION	free	0
1345	69	MCCLANE	I92 JUNCTION	free	0
1346	71	MCCLANE	I92 JUNCTION	free	0
1347	61	MCCLANE	I92 JUNCTION	free	0
1348	50	MCCLANE	I92 JUNCTION	free	0
1349	21	MCCLANE	I92 JUNCTION	free	0
1350					0
1351					0
1352					0
1353					0
1354					0
1355					0
1356					0
1357					0
1358					0
1359					0
1360					0
1361					0
1362					0
1363					0
1364					0
1365					0
1366					0
1367					0
1368					0
1369					0
1370					0
1371					0
1372					0
1373					0
1374					0
1375					0
1376					0
1377					1
1378					1
1379					0
1380	109	MCCLANE	I92 JUNCTION	free	0
1381	111	MCCLANE	I92 JUNCTION	seen	0
1382	124	MCCLANE	I92 JUNCTION	free	1
1383	126	MCCLANE	I92 JUNCTION	seen	0
1384	124	MCCLANE	I92 JUNCTION	seen	0
1385	132	MCCLANE	I92 JUNCTION	seen	1
1386	140	MCCLANE	I92 JUNCTION	seen	1
1387	142	MCCLANE	I92 JUNCTION	seen	0
1388	132	MCCLANE	I92 JUNCTION	seen	0
1389	122	MCCLANE	I92 JUNCTION	seen	1
1390	132	MCCLANE	I92 JUNCTION	seen	1
1391	143	MCCLANE	MALONE STREET	free	3
1392	152	MCCLANE	MALONE STREET	seen	0
1393	160	MCCLANE	MALONE STREET	free	0
1394	164	MCCLANE	MALONE STREET	seen	0
1395	170	MCCLANE	MALONE STREET	free	0
1396	154	MCCLANE	MALONE STREET	seen	1
1397	169	MCCLANE	LORENZO AVENUE	seen	0
1398	188	MCCLANE	LORENZO AVENUE	seen	0
1399	186	MCCLANE	LORENZO AVENUE	seen	1
1400	192	MCCLANE	LORENZO AVENUE	free	0
1401	200	MCCLANE	LORENZO AVENUE	seen	0
1402	209	MCCLANE	LORENZO AVENUE	free	0
1403	218	MCCLANE	LORENZO AVENUE	seen	1
1404	226	MCCLANE	LORENZO AVENUE	free	0
1405	226	MCCLANE	HUTCHINSON AVENUE	seen	0
1406	232	MCCLANE	HUTCHINSON AVENUE	free	0
1407	238	MCCLANE	HUTCHINSON AVENUE	seen	0
1408	244	MCCLANE	BRODY STREET	free	1
1409	241	MCCLANE	BRODY STREET	seen	0
1410	226	MCCLANE	BRODY STREET	seen	1
1411	220	MCCLANE	BRODY STREET	seen	1
1412	221	MCCLANE	BRODY STREET	seen	0
1413	221	MCCLANE	BRODY STREET	free	0
1414	216	MCCLANE	BRODY STREET	seen	0
1415	209	MCCLANE	BRODY STREET	seen	0
1416	202	MCCLANE	BRODY STREET	seen	2
1417	204	FAIRHAVEN	BRODY STREET	seen	5
1418	207	FAIRHAVEN	BRODY STREET	seen	1
1419	214	FAIRHAVEN	BRODY STREET	free	1
1420	229	FAIRHAVEN	BRODY STREET	seen	1
1421	229	FAIRHAVEN	BRODY STREET	free	0
1422	221	FAIRHAVEN	BRODY STREET	seen	0
1423	220	FAIRHAVEN	BRODY STREET	seen	0
1424	218	FAIRHAVEN	BRODY STREET	seen	0
1425	231	DOWNTOWN	BRODY STREET	seen	0
1426	243	DOWNTOWN	BRODY STREET	free	2
1427	254	DOWNTOWN	BRODY STREET	seen	1
1428	255	DOWNTOWN	BRODY STREET	free	0
1429	220	DOWNTOWN	BRODY STREET	seen	1
1430	208	DOWNTOWN	BRODY STREET	free	1
1431	191	DOWNTOWN	TRAVEN STREET	seen	0
1432	194	DOWNTOWN	TRAVEN STREET	free	0
1433	203	DOWNTOWN	TRAVEN STREET	seen	2
1434	214	DOWNTOWN	TRAVEN STREET	free	1
1435	219	DOWNTOWN	TRAVEN STREET	seen	0
1436	224	DOWNTOWN	TRAVEN STREET	seen	0
1437	223	DOWNTOWN	TRAVEN STREET	seen	0
1438	218	DOWNTOWN	TRAVEN STREET	seen	0
1439	223	DOWNTOWN	TRAVEN STREET	free	1
1440	227	DOWNTOWN	TRAVEN STREET	seen	0
1441	230	DOWNTOWN	TRAVEN STREET	free	0
1442	215	DOWNTOWN	TRAVEN STREET	seen	0
1443	205	DOWNTOWN	WHALEN STREET	free	0
1444	211	DOWNTOWN	CONNORS BRIDGE ROAD	seen	1
1445	218	FAIRHAVEN	CONNORS BRIDGE ROAD	free	0
1446	222	FAIRHAVEN	CONNORS BRIDGE ROAD	free	0
1447	222	FAIRHAVEN	CONNORS BRIDGE ROAD	free	0
1448	222	FAIRHAVEN	CONNORS BRIDGE ROAD	free	0
1449	195	FAIRHAVEN	CONNORS BRIDGE ROAD	free	2
1450	193	FAIRHAVEN	CONNORS BRIDGE ROAD	free	0
1451	190	FAIRHAVEN	CONNORS BRIDGE ROAD	free	0
1452	195	FAIRHAVEN	CONNORS BRIDGE ROAD	free	0
1453	197	FAIRHAVEN	CONNORS BRIDGE ROAD	free	0
1454	167	FAIRHAVEN	CONNORS BRIDGE ROAD	free	0
1455	173	FAIRHAVEN	CONNORS BRIDGE ROAD	free	0
1456	162	FAIRHAVEN	CONNORS BRIDGE ROAD	free	0
1457	169	FAIRHAVEN	CONNORS BRIDGE ROAD	free	0
1458	176	FAIRHAVEN	CONNORS BRIDGE ROAD	free	1
1459	178	FAIRHAVEN	CONNORS BRIDGE ROAD	seen	2
1460	185	FAIRHAVEN	CONNORS BRIDGE ROAD	free	0
1461	195	FAIRHAVEN	CONNORS BRIDGE ROAD	seen	0
1462	210	FAIRHAVEN	CONNORS BRIDGE ROAD	seen	2
1463	230	FAIRHAVEN	CONNORS BRIDGE ROAD	seen	1
1464	234	FAIRHAVEN	CONNORS BRIDGE ROAD	seen	1
1465	220	FAIRHAVEN	CONNORS BRIDGE ROAD	free	0
1466	221	FAIRHAVEN	CONNORS BRIDGE ROAD	seen	0
1467	227	FAIRHAVEN	CONNORS BRIDGE ROAD	free	0
1468	218	FAIRHAVEN	CONNORS BRIDGE ROAD	seen	0
1469	198	FAIRHAVEN	CONNORS BRIDGE ROAD	free	0
1470	189	FAIRHAVEN	CONNORS BRIDGE ROAD	seen	0
1471	187	FAIRHAVEN	CONNORS BRIDGE ROAD	free	0
1472	179	FAIRHAVEN	CONNORS BRIDGE ROAD	seen	1
1473	187	FAIRHAVEN	CONNORS BRIDGE ROAD	free	0
1474	193	FAIRHAVEN	CONNORS BRIDGE ROAD	seen	0
1475	200	FAIRHAVEN	CONNORS BRIDGE ROAD	seen	1
1476	207	FAIRHAVEN	CONNORS BRIDGE ROAD	seen	0
1477	214	FAIRHAVEN	CONNORS BRIDGE ROAD	seen	0
1478	221	FAIRHAVEN	CONNORS BRIDGE ROAD	free	0
1479	228	FAIRHAVEN	CONNORS BRIDGE ROAD	seen	0
1480	219	FAIRHAVEN	CONNORS BRIDGE ROAD	free	0
1481	212	FAIRHAVEN	CONNORS BRIDGE ROAD	seen	0
1482	217	FAIRHAVEN	CONNORS BRIDGE ROAD	free	0
1483	195	FAIRHAVEN	CONNORS BRIDGE ROAD	seen	0
1484	189	FAIRHAVEN	CONNORS BRIDGE ROAD	free	0
1485	193	FAIRHAVEN	CONNORS BRIDGE ROAD	seen	0
1486	202	FAIRHAVEN	CONNORS BRIDGE ROAD	free	0
1487	210	FAIRHAVEN	CONNORS BRIDGE ROAD	seen	1
1488	208	FAIRHAVEN	CONNORS BRIDGE ROAD	seen	0
1489	208	RIPLEY'S POINT	CONNORS BRIDGE ROAD	seen	0
1490	219	RIPLEY'S POINT	CONNORS BRIDGE ROAD	seen	0
1491	238	RIPLEY'S POINT	BURKE STREET	free	1
1492	237	RIPLEY'S POINT	BURKE STREET	seen	2
1493	241	RIPLEY'S POINT	BURKE STREET	free	0
1494	246	RIPLEY'S POINT	BURKE STREET	seen	1
1495	247	RIPLEY'S POINT	BURKE STREET	free	1
1496	251	RIPLEY'S POINT	BURKE STREET	seen	0
1497	252	RIPLEY'S POINT	BURKE STREET	free	0
1498	255	RIPLEY'S POINT	BURKE STREET	seen	0
1499	199	RIPLEY'S POINT	BURKE STREET	free	1
1500	168	RIPLEY'S POINT	REESE DRIVE	seen	0
1501	162	RIPLEY'S POINT	REESE DRIVE	seen	0
1502	168	RIPLEY'S POINT	REESE DRIVE	seen	0
1503	188	RIPLEY'S POINT	REESE DRIVE	seen	1
1504	195	RIPLEY'S POINT	REESE DRIVE	free	0
1505	200	RIPLEY'S POINT	REESE DRIVE	seen	1
1506	204	RIPLEY'S POINT	REESE DRIVE	free	1
1507					0
1508					0
1509					0
1510					0
1511					1
1512	150	RIPLEY'S POINT	REESE DRIVE	free	0
1513	165	RIPLEY'S POINT	REESE DRIVE	free	0
1514	177	RIPLEY'S POINT	REESE DRIVE	free	0
1515	186	RIPLEY'S POINT	REESE DRIVE	free	0
1516	195	RIPLEY'S POINT	REESE DRIVE	free	0
1517	197	RIPLEY'S POINT	REESE DRIVE	free	0
1518	177	RIPLEY'S POINT	REESE DRIVE	free	0
1519	186	RIPLEY'S POINT	REESE DRIVE	free	0
1520	186	RIPLEY'S POINT	REESE DRIVE	free	0
1521	163	RIPLEY'S POINT	REESE DRIVE	free	0
1522	142	RIPLEY'S POINT	REESE DRIVE	seen	2
1523	138	RIPLEY'S POINT	HARRIS ROAD	free	0
1524	148	FAIRHAVEN	HARRIS ROAD	seen	0
1525	151	FAIRHAVEN	HARRIS ROAD	free	0
1526	159	FAIRHAVEN	HARRIS ROAD	seen	1
1527	164	FAIRHAVEN	HARRIS ROAD	free	0
1528	149	FAIRHAVEN	HARRIS ROAD	seen	0
1529	153	FAIRHAVEN	HARRIS ROAD	free	0
1530	169	FAIRHAVEN	HARRIS ROAD	seen	1
1531	186	FAIRHAVEN	HARRIS ROAD	free	0
1532	193	FAIRHAVEN	HARRIS ROAD	free	0
1533	191	FAIRHAVEN	HARRIS ROAD	free	0
1534	186	FAIRHAVEN	HARRIS ROAD	free	0
1535	190	FAIRHAVEN	HARRIS ROAD	seen	1
1536		FAIRHAVEN	HARRIS ROAD	free	1
1537		FAIRHAVEN	HARRIS ROAD	seen	0
1538		FAIRHAVEN	HARRIS ROAD	free	0
1539		FAIRHAVEN	HARRIS ROAD	seen	0
1540		FAIRHAVEN	HARRIS ROAD	free	0
1541		FAIRHAVEN	HARRIS ROAD	seen	1
1542		FAIRHAVEN	HARRIS ROAD	free	0
1543		FAIRHAVEN	HARRIS ROAD	seen	0
1544		FAIRHAVEN	HARRIS ROAD	free	0
1545		FAIRHAVEN	HARRIS ROAD	free	1
1546		FAIRHAVEN	HARRIS ROAD	free	0
1547					0
1548					0
1549					0
1550					0
1551					0
1552					0
1553					0
1554					0
1555					0
1556					0
1557					0
1558					1
1559					2
1560					3
1561					0
1562					2
1563					0
1564					2
1565					1
1566					1
1567					0
1568					0
1569					0
1570					0
1571	150	FAIRHAVEN	SOMERSET ROAD	seen	0
1572	158	FAIRHAVEN	SOMERSET ROAD	seen	0
1573	169	FAIRHAVEN	SOMERSET ROAD	cooldown	0
1574	173	FAIRHAVEN	SOMERSET ROAD	cooldown	0
1575	188	FAIRHAVEN	SOMERSET ROAD	cooldown	0
1576	194	FAIRHAVEN	SOMERSET ROAD	cooldown	1
1577	199	FAIRHAVEN	SOMERSET ROAD	cooldown	0
1578	199	FAIRHAVEN	SOMERSET ROAD	seen	1
1579	200	FAIRHAVEN	SOMERSET ROAD	seen	2
1580	205	FAIRHAVEN	SOMERSET ROAD	seen	1
1581					1
1582					0
1583					0
1584					1
1585					0
1586					1
1587					0
1588	72	FAIRHAVEN	SOMERSET ROAD	seen	0
1589	86	FAIRHAVEN	SOMERSET ROAD	seen	0
1590	99	FAIRHAVEN	SOMERSET ROAD	seen	0
1591	112	FAIRHAVEN	SOMERSET ROAD	seen	0
1592	125	FAIRHAVEN	SOMERSET ROAD	seen	0
1593	134	FAIRHAVEN	SOMERSET ROAD	seen	1
1594	144	FAIRHAVEN	SOMERSET ROAD	cooldown	1
1595	127	FAIRHAVEN	SOMERSET ROAD	cooldown	0
1596	120	FAIRHAVEN	SOMERSET ROAD	cooldown	1
1597	113	FAIRHAVEN	SOMERSET ROAD	cooldown	0
1598	123	FAIRHAVEN	SOMERSET ROAD	cooldown	0
1599	130	FAIRHAVEN	SOMERSET ROAD	cooldown	1
1600	134	FAIRHAVEN	SOMERSET ROAD	cooldown	0
1601	140	FAIRHAVEN	SOMERSET ROAD	cooldown	0
1602	145	FAIRHAVEN	SOMERSET ROAD	cooldown	0
1603	147	FAIRHAVEN	SOMERSET ROAD	cooldown	0
1604	147	FAIRHAVEN	SOMERSET ROAD	cooldown	0
1605	141	FAIRHAVEN	SOMERSET ROAD	cooldown	0
1606	138	FAIRHAVEN	SOMERSET ROAD	cooldown	0
1607	122	FAIRHAVEN	SOMERSET ROAD	cooldown	3
1608	69	FAIRHAVEN	SOMERSET ROAD	cooldown	0
1609	68	FAIRHAVEN	SOMERSET ROAD	cooldown	1
1610	33	FAIRHAVEN	SOMERSET ROAD	cooldown	0
1611	35	FAIRHAVEN	SOMERSET ROAD	cooldown	0
1612	56	FAIRHAVEN	SOMERSET ROAD	cooldown	0
1613	78	FAIRHAVEN	SOMERSET ROAD	cooldown	0
1614	85	FAIRHAVEN	SOMERSET ROAD	cooldown	1
1615	68	FAIRHAVEN	SOMERSET ROAD	cooldown	0
1616	56	FAIRHAVEN	SOMERSET ROAD	cooldown	0
1617	49	FAIRHAVEN	SOMERSET ROAD	cooldown	0
1618	58	FAIRHAVEN	SOMERSET ROAD	cooldown	0
1619	70	FAIRHAVEN	SOMERSET ROAD	cooldown	0
1620	83	FAIRHAVEN	SOMERSET ROAD	cooldown	0
1621	94	FAIRHAVEN	SOMERSET ROAD	cooldown	0
1622	96	FAIRHAVEN	SOMERSET ROAD	cooldown	0
1623	92	FAIRHAVEN	SOMERSET ROAD	cooldown	0
1624	95	FAIRHAVEN	SOMERSET ROAD	free	0
1625	98	FAIRHAVEN	SOMERSET ROAD	free	1
1626	103	FAIRHAVEN	SOMERSET ROAD	free	0
1627	109	FAIRHAVEN	SOMERSET ROAD	free	0
1628	114	FAIRHAVEN	SOMERSET ROAD	free	0
1629	123	CALLAHAN INDUSTRIAL	SOMERSET ROAD	free	0
1630	135	CALLAHAN INDUSTRIAL	SOMERSET ROAD	free	0
1631	147	CALLAHAN INDUSTRIAL	SOMERSET ROAD	free	0
1632	153	CALLAHAN INDUSTRIAL	SOMERSET ROAD	free	0
1633	162	CALLAHAN INDUSTRIAL	SOMERSET ROAD	free	0
1634	160	CALLAHAN INDUSTRIAL	SOMERSET ROAD	free	1
1635	156	CALLAHAN INDUSTRIAL	SOMERSET ROAD	free	0
1636	150	CALLAHAN INDUSTRIAL	SOMERSET ROAD	free	0
1637	151	CALLAHAN INDUSTRIAL	SOMERSET ROAD	free	0
1638	146	CALLAHAN INDUSTRIAL	SOMERSET ROAD	free	0
1639	138	CALLAHAN INDUSTRIAL	SOMERSET ROAD	free	1
1640	127	CALLAHAN INDUSTRIAL	SOMERSET ROAD	free	0
1641	136	CALLAHAN INDUSTRIAL	SOMERSET ROAD	free	0
1642	145	CALLAHAN INDUSTRIAL	SOMERSET ROAD	free	0
1643	154	CALLAHAN INDUSTRIAL	SOMERSET ROAD	free	0
1644	163	CALLAHAN INDUSTRIAL	SOMERSET ROAD	free	0
1645	171	CALLAHAN INDUSTRIAL	SOMERSET ROAD	free	0
1646	159	CALLAHAN INDUSTRIAL	SOMERSET ROAD	free	1
1647	120	CALLAHAN INDUSTRIAL	SOMERSET ROAD	free	2
1648	87	CALLAHAN INDUSTRIAL	SOMERSET ROAD	free	1
1649	42	CALLAHAN INDUSTRIAL	SOMERSET ROAD	free	1
1650	24	CALLAHAN INDUSTRIAL	SOMERSET ROAD	free	1
1651					0
1652					0
1653					0
1654					1
1655	10	CALLAHAN INDUSTRIAL		free	1
1656	31	CALLAHAN INDUSTRIAL		free	0
1657	45	CALLAHAN INDUSTRIAL		free	0
1658	40	CALLAHAN INDUSTRIAL		free	0
1659	36	CALLAHAN INDUSTRIAL		free	0
1660	36	CALLAHAN INDUSTRIAL	BLOCK ROAD	free	0
1661	44	CALLAHAN INDUSTRIAL	BLOCK ROAD	free	1
1662	55	CALLAHAN INDUSTRIAL	BLOCK ROAD	free	1
1663	57	CALLAHAN INDUSTRIAL	BLOCK ROAD	free	1
1664	71	CALLAHAN INDUSTRIAL	BLOCK ROAD	free	0
1665	81	CALLAHAN INDUSTRIAL	BLOCK ROAD	free	1
1666	89	CALLAHAN INDUSTRIAL	BLOCK ROAD	free	1
1667	79	CALLAHAN INDUSTRIAL	BLOCK ROAD	free	3
1668	68	CALLAHAN INDUSTRIAL	BLOCK ROAD	free	2
1669	48	CALLAHAN INDUSTRIAL	BLOCK ROAD	free	1
1670	33	CALLAHAN INDUSTRIAL	BLOCK ROAD	free	0
1671	45	CALLAHAN INDUSTRIAL	BLOCK ROAD	free	1
1672	62	CALLAHAN INDUSTRIAL	BLOCK ROAD	free	3
1673	70	CALLAHAN INDUSTRIAL	BLOCK ROAD	free	1
1674	78	CALLAHAN INDUSTRIAL	BLOCK ROAD	free	2
1675	97	CALLAHAN INDUSTRIAL	BLOCK ROAD	free	1
1676	114	CALLAHAN INDUSTRIAL	BLOCK ROAD	free	0
1677	120	CALLAHAN INDUSTRIAL	BLOCK ROAD	free	1
1678	118	CALLAHAN INDUSTRIAL	BLOCK ROAD	free	1
1679	114	CALLAHAN INDUSTRIAL	BLOCK ROAD	free	2
1680	107	CALLAHAN INDUSTRIAL	BLOCK ROAD	free	1
1681	107	CALLAHAN INDUSTRIAL	BLOCK ROAD	free	1
1682	94	CALLAHAN INDUSTRIAL	BLOCK ROAD	free	1
1683	88	CALLAHAN INDUSTRIAL	BLOCK ROAD	free	0
1684	82	CALLAHAN INDUSTRIAL	BLOCK ROAD	free	2
1685	86	CALLAHAN INDUSTRIAL	BLOCK ROAD	free	0
1686	98	INTERSTATE 92	BLOCK ROAD	free	0
1687	114	INTERSTATE 92	BEDDOE DRIVE	free	0
1688	132	INTERSTATE 92	BEDDOE DRIVE	free	0
1689	127	INTERSTATE 92	BEDDOE DRIVE	free	2
1690	127	CALLAHAN INDUSTRIAL	BEDDOE DRIVE	free	3
1691	131	CALLAHAN INDUSTRIAL	BEDDOE DRIVE	free	0
1692	139	CALLAHAN INDUSTRIAL	BEDDOE DRIVE	free	0
1693	129	CALLAHAN INDUSTRIAL	BEDDOE DRIVE	free	1
1694	127	CALLAHAN INDUSTRIAL	BEDDOE DRIVE	free	1
1695	109	CALLAHAN INDUSTRIAL	BEDDOE DRIVE	free	0
1696	60	CALLAHAN INDUSTRIAL	BEDDOE DRIVE	free	1
1697	18	CALLAHAN INDUSTRIAL	BEDDOE DRIVE	free	1
1698	9	CALLAHAN INDUSTRIAL	BEDDOE DRIVE	free	1
1699	0	CALLAHAN INDUSTRIAL	BEDDOE DRIVE	free	1
1700					0
1701					0
1702					0
1703					1
1704	32	CALLAHAN INDUSTRIAL		free	0
1705	48	CALLAHAN INDUSTRIAL		free	0
1706	68	CALLAHAN INDUSTRIAL	BEDDOE DRIVE	free	0
1707	88	CALLAHAN INDUSTRIAL	BEDDOE DRIVE	free	0
1708	104	CALLAHAN INDUSTRIAL	BEDDOE DRIVE	free	0
1709	111	CALLAHAN INDUSTRIAL	BEDDOE DRIVE	free	1
1710	122	CALLAHAN INDUSTRIAL	BEDDOE DRIVE	free	0
1711	135	CALLAHAN INDUSTRIAL	BEDDOE DRIVE	free	1
1712	137	CALLAHAN INDUSTRIAL	BEDDOE DRIVE	free	0
1713	143	CALLAHAN INDUSTRIAL	BEDDOE DRIVE	free	0
1714	145	CALLAHAN INDUSTRIAL	BEDDOE DRIVE	free	0
1715	127	CALLAHAN INDUSTRIAL	BEDDOE DRIVE	free	0
1716	123	CALLAHAN INDUSTRIAL	BEDDOE DRIVE	free	0
1717	115	CALLAHAN INDUSTRIAL	BEDDOE DRIVE	free	0
1718	109	CALLAHAN INDUSTRIAL	BEDDOE DRIVE	free	0
1719	107	CALLAHAN INDUSTRIAL	BEDDOE DRIVE	free	1
1720	114	CALLAHAN INDUSTRIAL	BEDDOE DRIVE	free	1
1721	126	CALLAHAN INDUSTRIAL	BEDDOE DRIVE	free	0
1722	123	CALLAHAN INDUSTRIAL	BEDDOE DRIVE	free	2
1723	132	CALLAHAN INDUSTRIAL	BEDDOE DRIVE	free	1
1724	143	CALLAHAN INDUSTRIAL	BEDDOE DRIVE	free	1
1725	131	CALLAHAN INDUSTRIAL	BEDDOE DRIVE	free	1
1726	109	CALLAHAN INDUSTRIAL	BEDDOE DRIVE	free	1
1727	78	CALLAHAN INDUSTRIAL	BEDDOE DRIVE	free	2
1728	55	CALLAHAN INDUSTRIAL	BEDDOE DRIVE	free	6
1729	36	CALLAHAN INDUSTRIAL	BEDDOE DRIVE	free	2
1730	29	CALLAHAN INDUSTRIAL	BEDDOE DRIVE	free	0
1731	7	CALLAHAN INDUSTRIAL	BEDDOE DRIVE	free	0
1732	1	CALLAHAN INDUSTRIAL	BEDDOE DRIVE	free	0
1733					0
1734					0
1735					0
1736	0	CALLAHAN INDUSTRIAL	BEDDOE DRIVE	free	0
1737	24	CALLAHAN INDUSTRIAL	BEDDOE DRIVE	free	1
1738	91	CALLAHAN INDUSTRIAL	BEDDOE DRIVE	free	1
1739	79	CALLAHAN INDUSTRIAL	BEDDOE DRIVE	free	1
1740	101	CALLAHAN INDUSTRIAL	BEDDOE DRIVE	free	0
1741	118	CALLAHAN INDUSTRIAL	BEDDOE DRIVE	free	0
1742	129	CALLAHAN INDUSTRIAL	BEDDOE DRIVE	free	0
1743	128	CALLAHAN INDUSTRIAL	BEDDOE DRIVE	free	1
1744	128	CALLAHAN INDUSTRIAL	BEDDOE DRIVE	free	0
1745	126	CALLAHAN INDUSTRIAL	BEDDOE DRIVE	free	1
1746	126	CALLAHAN INDUSTRIAL	BEDDOE DRIVE	free	2
1747	126	CALLAHAN INDUSTRIAL	BEDDOE DRIVE	free	2
1748	138	CALLAHAN INDUSTRIAL	BEDDOE DRIVE	free	1
1749	148	CALLAHAN INDUSTRIAL	BEDDOE DRIVE	free	2
1750	144	CALLAHAN INDUSTRIAL	BEDDOE DRIVE	free	1
1751	139	CALLAHAN INDUSTRIAL	BEDDOE DRIVE	free	1
1752	137	CALLAHAN INDUSTRIAL	BEDDOE DRIVE	free	0
1753	143	CALLAHAN INDUSTRIAL	BEDDOE DRIVE	free	0
1754	150	CALLAHAN INDUSTRIAL	BEDDOE DRIVE	free	1
1755	149	CALLAHAN INDUSTRIAL	HOYT ROAD	free	1
1756	151	CALLAHAN INDUSTRIAL	HOYT ROAD	free	2
1757	151	CALLAHAN INDUSTRIAL	HOYT ROAD	free	1
1758	156	CALLAHAN INDUSTRIAL	HOYT ROAD	free	0
1759	165	CALLAHAN INDUSTRIAL	HOYT ROAD	free	1
1760	179	FAIRHAVEN	HOYT ROAD	free	2
1761	179	FAIRHAVEN	HOYT ROAD	free	2
1762	145	FAIRHAVEN	HOYT ROAD	free	1
1763	143	FAIRHAVEN	HOYT ROAD	free	1
1764	150	FAIRHAVEN	HOYT ROAD	free	1
1765	135	FAIRHAVEN	HOYT ROAD	free	0
1766	121	FAIRHAVEN	HOYT ROAD	free	0
1767	87	FAIRHAVEN	HOYT ROAD	free	2
1768	74	FAIRHAVEN	HOYT ROAD	free	1
1769	68	FAIRHAVEN	HOYT ROAD	free	0
1770	85	FAIRHAVEN	HOYT ROAD	free	0
1771	100	FAIRHAVEN	HOYT ROAD	free	1
1772	115	FAIRHAVEN	HOYT ROAD	free	1
1773	129	FAIRHAVEN	HOYT ROAD	free	0
1774	142	FAIRHAVEN	HOYT ROAD	free	0
1775	149	FAIRHAVEN	HOYT ROAD	free	0
1776	151	FAIRHAVEN	HOYT ROAD	free	0
1777	147	FAIRHAVEN	HOYT ROAD	free	0
1778	149	FAIRHAVEN	HOYT ROAD	free	1
1779	146	FAIRHAVEN	HOYT ROAD	free	0
1780	155	FAIRHAVEN	HOYT ROAD	free	0
1781	149	FAIRHAVEN	HOYT ROAD	free	1
1782	146	FAIRHAVEN	HOYT ROAD	free	1
1783	149	FAIRHAVEN	HOYT ROAD	free	2
1784	151	FAIRHAVEN	HOYT ROAD	free	4
1785	146	FAIRHAVEN	HOYT ROAD	free	1
1786	149	FAIRHAVEN	HOYT ROAD	free	0
1787	144	INTERSTATE 92	HOYT ROAD	free	0
1788	142	INTERSTATE 92	HOYT ROAD	free	0
1789	139	INTERSTATE 92	HOYT ROAD	free	1
1790	136	INTERSTATE 92	HOYT ROAD	free	0
1791	131	INTERSTATE 92	HOYT ROAD	free	0
1792	127	RIPLEY'S POINT	REESE DRIVE	free	3
1793	126	RIPLEY'S POINT	REESE DRIVE	free	1
1794	137	RIPLEY'S POINT	REESE DRIVE	free	2
1795	149	RIPLEY'S POINT	REESE DRIVE	free	0
1796	149	RIPLEY'S POINT	REESE DRIVE	free	1
1797	148	RIPLEY'S POINT	REESE DRIVE	free	0
1798	145	RIPLEY'S POINT	REESE DRIVE	free	0
1799	137	RIPLEY'S POINT	REESE DRIVE	free	0
1800	98	RIPLEY'S POINT	REESE DRIVE	free	0
1801	52	RIPLEY'S POINT	REESE DRIVE	free	0
1802	31	RIPLEY'S POINT	REESE DRIVE	free	0
1803	26	RIPLEY'S POINT	REESE DRIVE	free	0
1804	33	RIPLEY'S POINT	REESE DRIVE	free	1
1805	23	RIPLEY'S POINT	REESE DRIVE	free	1
1806	32	RIPLEY'S POINT	REESE DRIVE	free	3
1807	45	RIPLEY'S POINT	REESE DRIVE	free	1
1808	57	RIPLEY'S POINT	REESE DRIVE	free	0
1809	65	RIPLEY'S POINT	REESE DRIVE	free	0
1810	69	RIPLEY'S POINT	REESE DRIVE	free	0
1811	60	RIPLEY'S POINT	REESE DRIVE	free	0
1812	49	RIPLEY'S POINT	REESE DRIVE	free	0
1813	50	RIPLEY'S POINT	REESE DRIVE	free	2
1814	59	RIPLEY'S POINT	REESE DRIVE	free	1
1815	78	RIPLEY'S POINT	REESE DRIVE	free	1
1816	91	RIPLEY'S POINT	REESE DRIVE	free	0
1817	103	RIPLEY'S POINT	REESE DRIVE	free	1
1818	110	RIPLEY'S POINT	REESE DRIVE	free	1
1819	103	RIPLEY'S POINT	REESE DRIVE	free	1
1820	69	RIPLEY'S POINT	BISHOP STREET	free	1
1821	54	RIPLEY'S POINT	BISHOP STREET	free	3
1822	35	RIPLEY'S POINT	BISHOP STREET	free	4
1823	0	RIPLEY'S POINT	BISHOP STREET	free	3
1824	17	RIPLEY'S POINT	BISHOP STREET	free	0
1825	17	RIPLEY'S POINT	BISHOP STREET	free	3
1826					2
1827					0
1828					0
1829					0
1830					0
1831					1
1832					0
1833					0
1834					0
1835					0
1836					0
1837					0
1838					0
1839					0
1840					0
1841					0
1842					0
1843					0
1844					0
1845					0
1846					0
1847					0
1848					0
1849					0
1850					0
1851					0
1852					0
1853					1
1854					1
1855					1
1856					1
1857					0
1858					0
1859	168	RIPLEY'S POINT	REFSE ORIVE	free	0
1860	178	RIPLEY'S POINT	REESE DRIVE	free	0
1861	189	RIPLEY'S POINT	REESE DRIVE	free	0
1862	196	RIPLEY'S POINT	REESE DRIVE	free	1
1863	194	RIPLEY'S POINT	REESE DRIVE	free	0
1864	198	RIPLEY'S POINT	BURKE STREET	free	4
1865	200	RIPLEY'S POINT	BURKE STREET	free	2
1866	170	RIPLEY'S POINT	BURKE STREET	free	0
1867	160	RIPLEY'S POINT	BURKE STREET	free	2
1868	163	RIPLEY'S POINT	BURKE STREET	free	0
1869	173	RIPLEY'S POINT	BURKE STREET	free	0
1870	183	RIPLEY'S POINT	BURKE STREET	free	1
1871	191	RIPLEY'S POINT	BURKE STREET	free	1
1872	192	RIPLEY'S POINT	BURKE STREET	free	1
1873	193	RIPLEY'S POINT	BURKE STREET	free	2
1874	194	RIPLEY'S POINT	BURKE STREET	free	2
1875	199	RIPLEY'S POINT	BURKE STREET	free	2
1876	200	RIPLEY'S POINT	BURKE STREET	free	0
1877	181	RIPLEY'S POINT	BRIGMAN DRIVE	free	2
1878	174	RIPLEY'S POINT	BRIGMAN DRIVE	seen	1
1879	181	RIPLEY'S POINT	BRIGMAN DRIVE	free	1
1880	188	RIPLEY'S POINT	BRIGMAN DRIVE	seen	1
1881	195	RIPLEY'S POINT	BRIGMAN DRIVE	seen	0
1882	199	RIPLEY'S POINT	BRIGMAN DRIVE	seen	0
1883	197	RIPLEY'S POINT	BRIGMAN DRIVE	seen	0
1884	194	RIPLEY'S POINT	BRIGMAN DRIVE	seen	0
1885	184	RIPLEY'S POINT	BRIGMAN DRIVE	seen	0
1886	194	RIPLEY'S POINT	BRIGMAN DRIVE	seen	0
1887	201	RIPLEY'S POINT	BRIGMAN DRIVE	seen	1
1888	204	RIPLEY'S POINT	BRIGMAN DRIVE	seen	0
1889	209	RIPLEY'S POINT	BRIGMAN DRIVE	seen	0
1890	214	RIPLEY'S POINT	BRIGMAN DRIVE	free	0
1891	214		DMITMARIMNOIVEL		1
1892	210	RIPLEY'S POINT	BRIGMAN DIVE	seen	0
1893	219	RIPLEY'S POINT	BRIGMAN ORIVE	seen	1
1894	161	RIPLEY'S POINT	BRIGMAN DRIVE	seen	0
1895	158	RIPLEY'S POINT	BRIGMAN DRIVE	seen	0
1896	160	RIPLEY'S POINT	BRIGMAN DRIVE	seen	0
1897	168	RIPLEY'S POINT	BRIGMAN DRIVE	seen	0
1898	177	RIPLEY'S POINT	BRIGMAN DRIVE	seen	0
1899	186	RIPLEY'S POINT	BRIGMAN DRIVE	seen	1
1900	192	RIPLEY'S POINT	BRIGMAN DRIVE	seen	1
1901	189	RIPLEY'S POINT	BRIGMAN DRIVE	seen	0
1902	197	RIPLEY'S POINT	BRIGMAN DRIVE	seen	0
1903	193	RIPLEY'S POINT	BRIGMAN DRIVE	seen	0
1904	157	RIPLEY'S POINT	BRIGMAN DRIVE	seen	0
1905	114	RIPLEY'S POINT	REESE DRIVE	seen	0
1906	132	RIPLEY'S POINT	REESE DRIVE	seen	0
1907	141	RIPLEY'S POINT	REESE DRIVE	seen	0
1908	147	RIPLEY'S POINT	REESE DRIVE	seen	0
1909	156	RIPLEY'S POINT	REESE DRIVE	seen	0
1910	157	RIPLEY'S POINT	REESE DRIVE	seen	0
1911	153	RIPLEY'S POINT	REESE DRIVE	seen	0
1912	159	RIPLEY'S POINT	REESE DRIVE	seen	0
1913	165	RIPLEY'S POINT	REESE DRIVE	seen	0
1914	170		REESE DRIVE		0
1915	176	RIPLEY'S POINT	REESE DRIVE	seen	0
1916	176	RIPLEY'S POINT	REESE DRIVE	seen	0
1917	179	RIPLEY'S POINT	REESE DRIVE	seen	0
1918	189	RIPLEY'S POINT	REESE DRIVE	seen	0
1919	196	RIPLEY'S POINT	REESE DRIVE	seen	0
1920	202	RIPLEY'S POINT	REESE DRIVE	seen	0
1921	207	RIPLEY'S POINT	REESE DRIVE	seen	0
1922	214	RIPLEY'S POINT	REESE DRIVE	seen	0
1923	211	RIPLEY'S POINT	REESE DRIVE	seen	0
1924	209	RIPLEY'S POINT	BURKE STREET	seen	0
1925	200	RIPLEY'S POINT	BURKE STREET	seen	0
1926	177	RIPLEY'S POINT	BURKE STREET	seen	0
1927	164	RIPLEY'S POINT	BURKE STREET	seen	0
1928	167	RIPLEY'S POINT	BURKE STREET	seen	0
1929	175	RIPLEY'S POINT	BURKE STREET	seen	0
1930	182	RIPLEY'S POINT	BURKE STREET	seen	0
1931	189	RIPLEY'S POINT	BURKE STREET	seen	1
1932	193	RIPLEY'S POINT	BURKE STREET	seen	0
1933	194	RIPLEY'S POINT	BURKE STREET	seen	0
1934	193	RIPLEY'S POINT	BURKE STREET	seen	0
1935	198	RIPLEY'S POINT	BURKE STREET	seen	0
1936	206	RIPLEY'S POINT	BURKE STREET	seen	0
1937	205	RIPLEY'S POINT	BRIGMAN DRIVE	seen	0
1938	202	RIPLEY'S POINT	BRIGMAN DRIVE	seen	0
1939	203	RIPLEY'S POINT	BRIGMAN DRIVE	seen	0
1940	209	RIPLEY'S POINT	BRIGMAN DRIVE	seen	0
1941	216	RIPLEY'S POINT	BRIGMAN DRIVE	seen	0
1942	205	RIPLEY'S POINT	BRIGMAN DRIVE	seen	0
1943	192	RIPLEY'S POINT	BRIGMAN DRIVE	seen	0
1944	187	RIPLEY'S POINT	BRIGMAN DRIVE	seen	0
1945	192	RIPLEY'S POINT	BRIGMAN DRIVE	seen	0
1946	198	RIPLEY'S POINT	BRIGMAN DRIVE	seen	0
1947	200	RIPLEY'S POINT	BRIGMAN DRIVE	seen	0
1948	205	RIPLEY'S POINT	BRIGMAN DRIVE	seen	0
1949	206	RIPLEY'S POINT	BRIGMAN DRIVE	seen	0
1950	209	RIPLEY'S POINT	BRIGMAN DRIVE	seen	0
1951	212	RIPLEY'S POINT	BRIGMAN DRIVE	seen	1
1952	214	RIPLEY'S POINT	BRIGMAN ORIVE	seen	0
1953	185	RIPLEY'S POINT	BRIGMAN DRIVE	seen	0
1954	174	RIPLEY'S POINT	BRIGMAN DRIVE	seen	0
1955	176	RIPLEY'S POINT	BRIGMAN DRIVE	seen	0
1956	180	RIPLEY'S POINT	BRIGMAN DRIVE	seen	0
1957	186	RIPLEY'S POINT	BRIGMAN DRIVE	seen	1
1958	193	RIPLEY'S POINT	BRIGMAN ORIVE	seen	2
1959	194	RIPLEY'S POINT	BRIGMAN DRIVE	seen	0
1960	195	RIPLEY'S POINT	BRIGMAN DORIVE	seen	0
1961	202	RIPLEY'S POINT	BRIGMAN DRIVE	seen	0
1962	210	RIPLEY'S POINT	BRIGMAN DRIVE	seen	0
1963	164	RIPLEY'S POINT	BRIGMAN DRIVE	seen	0
1964	99	RIPLEY'S POINT	BRIGMAN DRIVE	seen	0
1965	104	RIPLEY'S POINT	REESE DRIVE	seen	0
1966	119	RIPLEY'S POINT	REESE DRIVE	seen	0
1967	131	RIPLEY'S POINT	REESE ORIVE	seen	0
1968		RIPLEY'S POINT	REESE DRIVE	seen	0
1969		RIPLEY'S POINT	REESE DRIVE	seen	0
1970		RIPLEY'S POINT	REESE DRIVE	seen	0
1971		RIPLEY'S POINT	REESE DRIVE	seen	0
1972		RIPLEY'S POINT	REESE DRIVE	seen	0
1973		RIPLEY'S POINT	REESE DRIVE	seen	0
1974		RIPLEY'S POINT	REESE DRIVE	seen	1
1975		RIPLEY'S POINT	REESE DRIVE	seen	0
1976		RIPLEY'S POINT	REESE DRIVE	seen	0
1977		RIPLEY'S POINT	REESE DRIVE	seen	0
1978		RIPLEY'S POINT	REESE DRIVE	seen	0
1979					0
1980					0
1981					0
1982					0
1983					0
1984					0
1985					0
1986					0
1987					0
1988					0
1989					0
1990					0
1991					0
1992					0
1993					0
1994					0
1995					0
1996					0
1997					0
1998					0
1999					0
2000					1
2001					1
2002					0
2003					0
2004					0
2005	129	INTERSTATE 92		seen	0
2006	139	RIPLEY'S POINT		seen	0
2007	149	INTERSTATE 92		seen	0
2008	160	INTERSTATE 92		seen	0
2009	131	INTERSTATE 92		seen	1
2010	74	RIPLEY'S POINT		seen	0
2011	21	INTERSTATE 92		seen	0
2012	40	INTERSTATE 92		seen	0
2013	65	INTERSTATE 92		seen	0
2014	92	INTERSTATE 92	I92 JUNCTION	seen	1
2015	109	INTERSTATE 92	I92 JUNCTION	seen	0
2016	129	INTERSTATE 92	I92 JUNCTION	seen	0
2017	140	INTERSTATE 92	I92 JUNCTION	seen	0
2018	152	INTERSTATE 92	I92 JUNCTION	seen	0
2019	163	INTERSTATE 92	I92 JUNCTION	seen	0
2020	179	INTERSTATE 92	I92 JUNCTION	seen	0
2021	189	INTERSTATE 92	I92 JUNCTION	seen	0
2022	193	INTERSTATE 92	I92 JUNCTION	seen	0
2023	201	INTERSTATE 92	I92 JUNCTION	seen	1
2024	208	INTERSTATE 92	I92 JUNCTION	seen	0
2025	219	INTERSTATE 92	I92 JUNCTION7	seen	0
2026	222	INTERSTATE 92	I92 JUNCTION	seen	0
2027	229	INTERSTATE 92	I92 SOUTH	seen	1
2028	236	INTERSTATE 92	I92 SOUTH	seen	0
2029	222	INTERSTATE 92	I92 SOUTH	seen	0
2030	200	INTERSTATE 92	I92 SOUTH	seen	0
2031	199	INTERSTATE 92	I92 SOUTH	seen	0
2032	188	INTERSTATE 92	I92 SOUTH	seen	2
2033	172	INTERSTATE 92	I92 SOUTH	seen	0
2034	173	INTERSTATE 92	I92 SOUTH	seen	0
2035	181	INTERSTATE 92	I92 SOUTH	seen	0
2036	192	INTERSTATE 92	I92 SOUTH	seen	0
2037	199	INTERSTATE 92	I92 SOUTH	seen	3
2038	203	INTERSTATE 92	I92 SOUTH	seen	0
2039	211	INTERSTATE 92	I92 SOUTH	seen	0
2040	218	FAIRHAVEN	I92 SOUTH	seen	0
2041	215	FAIRHAVEN	I92 SOUTH	seen	0
2042	194	FAIRHAVEN	I92 SOUTH	seen	0
2043	199	FAIRHAVEN	I92 SOUTH	seen	0
2044	208	FAIRHAVEN	I92 SOUTH	seen	0
2045	215	FAIRHAVEN	I92 SOUTH	seen	0
2046	221	FAIRHAVEN	I92 SOUTH	seen	0
2047	227	FAIRHAVEN	I92 SOUTH	seen	0
2048	240	FAIRHAVEN	I92 SOUTH	seen	0
2049	249	FAIRHAVEN	I92 SOUTH	seen	0
2050	248	FAIRHAVEN	I92 SOUTH	seen	1
2051	249	FAIRHAVEN	I92 SOUTH	seen	0
2052	242	DOWNTOWN	I92 SOUTH	seen	0
2053	242	DOWNTOWN	I92 SOUTH	seen	0
2054	243	DOWNTOWN	I92 SOUTH	seen	0
2055	249	DOWNTOWN	I92 SOUTH	seen	0
2056	246	DOWNTOWN	I92 SOUTH	seen	0
2057	246	DOWNTOWN	I92 SOUTH	cooldown	0
2058	245	DOWNTOWN	I92 SOUTH	cooldown	0
2059	243	DOWNTOWN	I92 SOUTH	cooldown	0
2060	231	DOWNTOWN	I92 SOUTH	cooldown	1
2061	234	DOWNTOWN	I92 SOUTH	cooldown	0
2062	230	DOWNTOWN	I92 SOUTH	seen	0
2063	244	DOWNTOWN	I92 SOUTH	seen	0
2064	248	DOWNTOWN	I92 SOUTH	seen	0
2065	248	DOWNTOWN	I92 SOUTH	seen	1
2066	250	DOWNTOWN	I92 SOUTH	seen	0
2067	253	DOWNTOWN	I92 SOUTH	seen	0
2068	256	DOWNTOWN	I92 SOUTH	cooldown	0
2069	259	DOWNTOWN	I92 SOUTH	cooldown	0
2070	262	DOWNTOWN	I92 SOUTH	seen	0
2071	266	DOWNTOWN	I92 SOUTH	seen	0
2072	270	DOWNTOWN	I92 SOUTH	seen	0
2073					0
2074					0
2075					0
2076					0
2077					1
2078	6	FAIRHAVEN	I92 SOUTH	seen	0
2079	23	FAIRHAVEN	I92 SOUTH	seen	0
2080	49	FAIRHAVEN	I92 SOUTH	seen	0
2081	79	FAIRHAVEN	I92 SOUTH	seen	0
2082	109	FAIRHAVEN	I92 SOUTH	seen	1
2083	139	DOWNTOWN	I92 SOUTH	seen	0
2084	151	DOWNTOWN	I92 SOUTH	seen	0
2085	162	DOWNTOWN	I92 SOUTH	seen	2
2086	179	DOWNTOWN	I92 SOUTH	seen	0
2087	182	DOWNTOWN	I92 SOUTH	seen	0
2088	193	DOWNTOWN	I92 SOUTH	seen	0
2089	200	DOWNTOWN	I92 SOUTH	seen	0
2090	195	DOWNTOWN	I92 SOUTH	cooldown	0
2091	204	DOWNTOWN	I92 SOUTH	cooldown	1
2092	208	DOWNTOWN	I92 SOUTH	cooldown	0
2093	196	DOWNTOWN	I92 SOUTH	cooldown	1
2094	196	DOWNTOWN	I92 SOUTH	cooldown	0
2095	194	DOWNTOWN	I92 SOUTH	cooldown	0
2096	200	DOWNTOWN	I92 SOUTH	seen	2
2097	206	DOWNTOWN		seen	0
2098	195	DOWNTOWN		seen	0
2099	195	DOWNTOWN	BELTWAY SOUTH	seen	0
2100	198	DOWNTOWN	BELTWS SOUTH	seen	0
2101	186	DOWNTOWN	BELTWAY SOUTH	seen	0
2102	182	DOWNTOWN	BELTWAY SOUTH	seen	0
2103	174	DOWNTOWN	BURNETT STREET	seen	0
2104	159	DOWNTOWN		seen	0
2105	172	DOWNTOWN		seen	0
2106	184	DOWNTOWN		seen	0
2107	185	DOWNTOWN		seen	0
2108	199	DOWNTOWN	I92 SOUTH	seen	0
2109	198	DOWNTOWN	I92 SOUTH	seen	0
2110	200	DOWNTOWN	I92 SOUTH	cooldown	0
2111	185	FAIRHAVEN	I92 SOUTH	cooldown	0
2112	181	FAIRHAVEN	I92 SOUTH	cooldown	0
2113	175	FAIRHAVEN	I92 SOUTH	cooldown	0
2114	167	FAIRHAVEN	I92 SOUTH	cooldown	1
2115	157	FAIRHAVEN	I92 SOUTH	cooldown	0
2116	156	FAIRHAVEN	I92 SOUTH	free	2
2117	150	FAIRHAVEN	I92 SOUTH ID	free	0
2118	148	FAIRHAVEN	I92 SOUTH	cooldown	0
2119	148	FAIRHAVEN	I92 SOUTH	cooldown	0
2120	152	FAIRHAVEN	I92 SOUTH	cooldown	1
2121	161	FAIRHAVEN	I92 SOUTH	cooldown	0
2122	153	FAIRHAVEN	I92 SOUTH	cooldown	0
2123	144	FAIRHAVEN	I92 SOUTH	cooldown	0
2124	139	RIPLEY'S POINT	I92 SOUTH	free	1
2125	137	RIPLEY'S POINT	I92 SOUTH	free	1
2126	130	FAIRHAVEN	I92 SOUTH	free	1
2127	135	FAIRHAVEN	I92 SOUTH	cooldown	1
2128	129	FAIRHAVEN	I92 SOUTH	free	1
2129	128	RIPLEY'S POINT	I92 SOUTH	cooldown	2
2130	123	INTERSTATE 92	I92 SOUTH	cooldown	1
2131	116	INTERSTATE 92	I92 SOUTH	cooldown	4
2132	119	INTERSTATE 92	I92 SOUTH	cooldown	1
2133	128	INTERSTATE 92	I92 SOUTH	cooldown	1
2134	136	INTERSTATE 92	I92 SOUTH	free	1
2135	137	INTERSTATE 92	I92 SOUTH	free	0
2136	132	INTERSTATE 92	I92 SOUTH	free	0
2137	134	INTERSTATE 92	I92 SOUTH	free	0
2138	139	INTERSTATE 92	I92 SOUTH	free	0
2139	149	INTERSTATE 92	I92 SOUTH	free	0
2140	158	INTERSTATE 92	I92 SOUTH	free	0
2141	142	INTERSTATE 92	I92 SOUTH	free	1
2142					1
2143					1
2144					0
2145					0
2146					1
2147					1
2148					1
2149					1
2150					1
2151					2
2152					2
2153					0
2154					0
2155					0
2156					0
2157					0
2158					0
2159					0
2160					0
2161					1
2162		INTERSTATE 92		free	0
2163		INTERSTATE 92		free	0
2164		INTERSTATE 92		free	0
2165		INTERSTATE 92		free	1
2166		INTERSTATE 92		free	0
2167		INTERSTATE 92		free	0
2168		INTERSTATE 92	I92 EAST	free	0
2169		INTERSTATE 92	I92 EAST	free	0
2170		INTERSTATE 92	I92 EAST	free	0
2171		INTERSTATE 92	I92 EAST	free	2
2172		INTERSTATE 92	I92 EAST	free	2
2173					1
2174					1
2175					1
2176					1
2177					1
2178					2
2179					1
2180					1
2181					1
2182					1
2183					1
2184					1
2185					0
2186					0
2187	9	INTERSTATE 92	I92 EAST	free	0
2188	31	INTERSTATE 92	I92 EAST	free	1
2189	55	INTERSTATE 92	I92 EAST	free	0
2190	80	INTERSTATE 92	I92 EAST	free	0
2191	98	INTERSTATE 92	I92 EAST	free	0
2192	115	INTERSTATE 92	I92 EAST	free	0
2193	132	INTERSTATE 92	I92 EAST	free	0
2194	147	INTERSTATE 92	I92 EAST	free	0
2195	152	INTERSTATE 92	I92 EAST	free	0
2196	162	INTERSTATE 92	I92 EAST	free	1
2197	169	INTERSTATE 92	I92 EAST	free	1
2198	175	INTERSTATE 92	I92 EAST	free	0
2199	164	INTERSTATE 92	I92 EAST	free	1
2200	156	INTERSTATE 92	I92 EAST	free	0
2201	155	INTERSTATE 92	I92 EAST	free	0
2202	151	INTERSTATE 92	I92 EAST	free	0
2203	149	INTERSTATE 92	I92 EAST	free	0
2204	147	INTERSTATE 92	I92 EAST	free	0
2205	159	INTERSTATE 92	I92 EAST	free	1
2206	169	INTERSTATE 92	I92 EAST	free	2
2207	174	INTERSTATE 92	I92 EAST	free	2
2208	153	INTERSTATE 92	I92 EAST	free	3
2209	111	INTERSTATE 92	I92 EAST	free	4
2210	108	INTERSTATE 92	I92 EAST	free	3
2211	128	INTERSTATE 92	I92 EAST	free	2
2212	135	INTERSTATE 92	I92 EAST	free	1
2213	147	INTERSTATE 92	I92 EAST	free	3
2214	156	INTERSTATE 92	I92 EAST	free	0
2215	167	INTERSTATE 92	I92 EAST	free	0
2216	175	INTERSTATE 92	I92 EAST	free	0
2217	181	INTERSTATE 92	I92 EAST	free	1
2218	189	INTERSTATE 92	I92 EAST	free	0
2219	190	INTERSTATE 92	I92 EAST	free	2
2220	181	INTERSTATE 92	I92 EAST	free	1
2221	184	INTERSTATE 92	I92 EAST	free	0
2222	194	INTERSTATE 92	I92 EAST	free	0
2223	201	INTERSTATE 92	I92 EAST	free	3
2224	198	INTERSTATE 92	I92 EAST	free	0
2225	201	INTERSTATE 92	I92 EAST	free	0
2226	195	INTERSTATE 92	I92 EAST	free	0
2227	186	INTERSTATE 92	I92 EAST	free	4
2228	175	INTERSTATE 92	I92 EAST	free	2
2229	174	INTERSTATE 92	I92 EAST	free	0
2230	182	INTERSTATE 92	I92 EAST	free	1
2231	190	INTERSTATE 92	I92 EAST	free	0
2232	197	INTERSTATE 92	I92 EAST	free	0
2233	198	INTERSTATE 92	I92 EAST	free	0
2234	187	INTERSTATE 92	I92 EAST	free	0
2235	178	INTERSTATE 92	I92 EAST	free	0
2236	172	INTERSTATE 92	I92 EAST	free	1
2237	158	INTERSTATE 92	I92 EAST	free	0
2238	136	INTERSTATE 92	I92 EAST	free	1
2239	133	INTERSTATE 92	I92 EAST	free	0
2240	134	INTERSTATE 92	I92 EAST	free	0
2241	128	INTERSTATE 92	I92 JUNCTION	free	0
2242	121	INTERSTATE 92	I92 JUNCTION	free	0
2243	89	INTERSTATE 92	I92 JUNCTION	free	1
2244	79	INTERSTATE 92	I92 JUNCTION	free	2
2245	78	MCCLANE	I92 JUNCTION	free	3
2246	72	MCCLANE	I92 JUNCTION	free	3
2247	72	MCCLANE	I92 JUNCTION	free	2
2248	84	MCCLANE	I92 JUNCTION	free	1
2249	97	MCCLANE	I92 JUNCTION	free	0
2250	109	MCCLANE	I92 JUNCTION	free	0
2251	112	MCCLANE	I92 JUNCTION	free	2
2252	120	MCCLANE	I92 JUNCTION	free	0
2253	115	MCCLANE	MALONE STREET	free	1
2254	96	MCCLANE	MALONE STREET	free	1
2255	23	MCCLANE	MALONE STREET	free	1
2256	37	MCCLANE	MALONE STREET	free	3
2257					1
2258					0
2259					0
2260					0
2261	20	MCCLANE		free	1
2262	41	MCCLANE		free	0
2263	67	MCCLANE		free	0
2264	61	MCCLANE		free	1
2265	50	MCCLANE		free	1
2266	58	MCCLANE		free	1
2267	67	MCCLANE		free	0
2268	71	MCCLANE		free	0
2269	57	MCCLANE		free	0
2270	52	MCCLANE		free	2
2271	0	MCCLANE		free	1
2272	22	MCCLANE		free	1
2273	52	MCCLANE		free	0
2274	60	MCCLANE		free	2
2275	20	MCCLANE		free	0
2276	6	MCCLANE		free	0
2277	29	MCCLANE		free	0
2278	49	MCCLANE		free	0
2279	64	MCCLANE		free	1
2280	10	MCCLANE		free	0
2281	15	MCCLANE		free	0
2282	43	MCCLANE		free	0
2283	70	MCCLANE		free	1
2284	57	MCCLANE		free	0
2285	48	MCCLANE		free	0
2286	50	MCCLANE		free	0
2287	54	MCCLANE	MALONE STREET	free	0
2288	70	MCCLANE	MALONE STREET	free	0
2289	85	MCCLANE	MALONE STREET	free	2
2290	95	MCCLANE	MALONE STREET	free	2
2291	93	MCCLANE	MALONE STREET	free	1
2292	85	MCCLANE	MALONE STREET	free	2
2293	77	MCCLANE	MALONE STREET	free	1
2294	83	MCCLANE	MALONE STREET	free	0
2295	87	MCCLANE	MALONE STREET	free	4
2296	95	MCCLANE	MALONE STREET	free	3
2297	96	MCCLANE	MALONE STREET	free	3
2298	93	MCCLANE	MALONE STREET	free	1
2299	94	MCCLANE	MALONE STREET	free	0
2300	96	MCCLANE	MALONE STREET	free	2
2301	99	MCCLANE	MALONE STREET	free	1
2302	105	MCCLANE	MALONE STREET	free	0
2303	117	MCCLANE	MALONE STREET	free	0
2304	111	MCCLANE	MALONE STREET	free	0
2305	122	MCCLANE	MALONE STREET	free	0
2306	137	MCCLANE	MALONE STREET	free	3
2307	143	MCCLANE	MALONE STREET	free	2
2308	129	MCCLANE	MALONE STREET	free	1
2309	95	MCCLANE	MALONE STREET	free	1
2310	35	MCCLANE	MALONE STREET	free	0
2311	35	MCCLANE	MALONE STREET	free	1
2312	41	MCCLANE	MALONE STREET	free	0
2313	34	MCCLANE	MALONE STREET	free	0
2314	28	MCCLANE	MALONE STREET	free	0
2315	38	MCCLANE	MALONE STREET	free	0
2316	46	MCCLANE	MALONE STREET	free	1
2317	54	MCCLANE	MALONE STREET	free	0
2318	63	MCCLANE	MALONE STREET	free	0
2319	72	MCCLANE	MALONE STREET	free	0
2320	78	MCCLANE	MALONE STREET	free	0
2321	82	MCCLANE	MALONE STREET	free	0
2322	85	MCCLANE	MALONE STREET	free	1
2323	73	MCCLANE	MALONE STREET	free	1
2324	62	MCCLANE	MALONE STREET	free	1
2325	29	MCCLANE	MALONE STREET	free	2
2326	35	MCCLANE	MALONE STREET	free	0
2327	51	MCCLANE	MALONE STREET	free	0
2328	75	MCCLANE	MALONE STREET	free	0
2329	95	MCCLANE	MALONE STREET	free	1
2330	115	MCCLANE	MALONE STREET	free	3
2331	133	MCCLANE	MALONE STREET	free	0
2332	147	MCCLANE	MALONE STREET	free	0
2333	139	MCCLANE	MALONE STREET	free	6
2334	130	MCCLANE	MALONE STREET	free	1
2335	127	MCCLANE	MALONE STREET	free	2
2336	111	MCCLANE	MALONE STREET	free	0
2337	94	MCCLANE	MALONE STREET	free	1
2338	98	MCCLANE	MALONE STREET	free	1
2339	97	MCCLANE	MALONE STREET	free	2
2340	87	MCCLANE	MALONE STREET	free	2
2341	72	MCCLANE	MALONE STREET	free	0
2342	51	MCCLANE	LORENZO AVENUE	free	0
2343	45	MCCLANE	LORENZO AVENUE	free	1
2344	22	MCCLANE	LORENZO AVENUE	free	1
2345	19	MCCLANE	LORENZO AVENUE	free	2
2346	24	MCCLANE	LORENZO AVENUE	free	3
2347	32	MCCLANE	LORENZO AVENUE	free	2
2348	37	MCCLANE	LORENZO AVENUE	free	1
2349	32	MCCLANE	LORENZO AVENUE	free	2
2350	25	MCCLANE	LORENZO AVENUE	free	1
2351	22	MCCLANE	LORENZO AVENUE	free	2
2352	33	MCCLANE	MALONE STREET	free	2
2353	36	MCCLANE	MALONE STREET	free	2
2354	37	MCCLANE	MALONE STREET	free	3
2355	38	MCCLANE	MALONE STREET	free	2
2356	40	MCCLANE	MALONE STREET	free	3
2357	44	MCCLANE	MALONE STREET	free	3
2358	52	MCCLANE	MALONE STREET	free	5
2359	58	MCCLANE	MALONE STREET	free	4
2360	63	MCCLANE	MALONE STREET	free	1
2361	70	MCCLANE	MALONE STREET	free	2
2362	77	MCCLANE	MALONE STREET	free	2
2363	74	MCCLANE	MALONE STREET	free	1
2364	67	MCCLANE	MALONE STREET	free	0
2365	65	MCCLANE	MALONE STREET	free	1
2366	64	MCCLANE	MALONE STREET	free	0
2367	57	MCCLANE	MALONE STREET	free	0
2368	18	MCCLANE	MALONE STREET	free	0
2369	28	MCCLANE	MALONE STREET	free	0
2370	42	MCCLANE	MALONE STREET	free	1
2371	54	MCCLANE	MALONE STREET	free	1
2372	41	MCCLANE	MALONE STREET	free	1
2373	47	MCCLANE	HANNA STREET	free	2
2374	57	MCCLANE	HANNA STREET	free	0
2375	61	MCCLANE	HANNA STREET	free	0
2376	71	MCCLANE	HANNA STREET	free	0
2377	81	MCCLANE	HANNA STREET	free	1
2378	91	MCCLANE	HANNA STREET	free	1
2379	90	MCCLANE	HANNA STREET	free	1
2380	85	MCCLANE	HANNA STREET	free	1
2381	86	MCCLANE	HANNA STREET	free	1
2382	87	MCCLANE	HANNA STREET	free	0
2383	81	MCCLANE	HANNA STREET	free	1
2384	80	MCCLANE	HANNA STREET	free	1
2385	71	MCCLANE	HANNA STREET	free	2
2386	62	MCCLANE	HANNA STREET	free	1
2387	53	MCCLANE	HANNA STREET	free	2
2388	45	MCCLANE	HANNA STREET	free	3
2389	49	MCCLANE	HANNA STREET	free	3
2390	49	MCCLANE	HANNA STREET	free	1
2391	57	MCCLANE	HANNA STREET	free	1
2392	58	MCCLANE	HANNA STREET	free	1
2393	51	MCCLANE	HANNA STREET	free	1
2394	58	MCCLANE	HANNA STREET	free	2
2395	64	MCCLANE	HANNA STREET	free	2
2396	72	MCCLANE	HANNA STREET	free	4
2397	52	MCCLANE	HANNA STREET	free	5
2398	41	MCCLANE	HANNA STREET	free	6
2399	32	MCCLANE	CHANCE STREET	free	5
2400	42	MCCLANE	CHANCE STREET	free	4
2401	35	MCCLANE	CHANCE STREET	free	4
2402	28	MCCLANE	CHANCE STREET	free	1
2403	37	MCCLANE	CHANCE STREET	free	3
2404	51	MCCLANE	CHANCE STREET	free	1
2405	51	MCCLANE	CHANCE STREET	free	0
2406	69	MCCLANE	CHANCE STREET	free	2
2407	82	MCCLANE	CHANCE STREET	free	2
2408	80	MCCLANE	CHANCE STREET	free	1
2409	91	MCCLANE	CHANCE STREET	free	0
2410	107	MCCLANE	KRUGER AVENUE	free	0
2411	127	MCCLANE	KRUGER AVENUE	free	0
2412	141	MCCLANE	KRUGER AVENUE	free	1
2413	157	MCCLANE	KRUGER AVENUE	free	1
2414	171	MCCLANE	KRUGER AVENUE	free	0
2415	169	MCCLANE	KRUGER AVENUE	free	4
2416	161	MCCLANE	KRUGER AVENUE	free	0
2417	159	MCCLANE	KRUGER AVENUE	free	1
2418	152	MCCLANE	KRUGER AVENUE	free	1
2419	154	MCCLANE	KRUGER AVENUE	free	1
2420	138	MCCLANE	KRUGER AVENUE	free	1
2421	127	MCCLANE	KRUGER AVENUE	free	4
2422	112	MCCLANE	KRUGER AVENUE	free	3
2423	113	MCCLANE	KRUGER AVENUE	free	0
2424	107	MCCLANE	KRUGER AVENUE	free	1
2425	104	MCCLANE	HUTCHINSON AVENUE	free	1
2426	112	FAIRHAVEN	HUTCHINSON AVENUE	free	1
2427	130	FAIRHAVEN	HUTCHINSON AVENUE	free	1
2428	132	FAIRHAVEN	HUTCHINSON AVENUE	free	1
2429	125	FAIRHAVEN	HUTCHINSON AVENUE	free	2
2430	125	FAIRHAVEN	HUTCHINSON AVENUE	free	4
2431	128	FAIRHAVEN	HUTCHINSON AVENUE	free	2
2432	131	FAIRHAVEN	HUTCHINSON AVENUE	free	1
2433	136	FAIRHAVEN	HUTCHINSON AVENUE	free	0
2434	134	FAIRHAVEN	HUTCHINSON AVENUE	free	0
2435	141	FAIRHAVEN	HUTCHINSON AVENUE	free	1
2436	137	FAIRHAVEN	HUTCHINSON AVENUE	free	0
2437	132	FAIRHAVEN	HUTCHINSON AVENUE	free	1
2438	130	FAIRHAVEN	HUTCHINSON AVENUE	free	1
2439	123	FAIRHAVEN	HUTCHINSON AVENUE	free	1
2440	126	FAIRHAVEN	HUTCHINSON AVENUE	free	0
2441	129	FAIRHAVEN	HUTCHINSON AVENUE	free	0
2442	132	FAIRHAVEN	HUTCHINSON AVENUE	free	1
2443	132	FAIRHAVEN	HUTCHINSON AVENUE	free	1
2444	124	FAIRHAVEN	HUTCHINSON AVENUE	free	1
2445	116	FAIRHAVEN	HUTCHINSON AVENUE	free	2
2446	75	FAIRHAVEN	HUTCHINSON AVENUE	free	3
2447	59	FAIRHAVEN	HUTCHINSON AVENUE	free	0
2448	65	FAIRHAVEN	HUTCHINSON AVENUE	free	0
2449	74	FAIRHAVEN	HUTCHINSON AVENUE	free	0
2450	84	FAIRHAVEN	VINCENNES ROAD	free	0
2451	94	FAIRHAVEN	VINCENNES ROAD	free	3
2452	94	FAIRHAVEN	VINCENNES ROAD	free	1
2453	101	FAIRHAVEN	VINCENNES ROAD	free	0
2454	108	FAIRHAVEN	VINCENNES ROAD	free	0
2455	114	FAIRHAVEN	VINCENNES ROAD	free	0
2456	122	FAIRHAVEN	VINCENNES ROAD	free	0
2457	136	FAIRHAVEN	VINCENNES ROAD	free	0
2458	150	FAIRHAVEN	VINCENNES ROAD	free	0
2459	155	FAIRHAVEN	VINCENNES ROAD	free	0
2460	170	FAIRHAVEN	VINCENNES ROAD	free	0
2461	189	FAIRHAVEN	VINCENNES ROAD	free	0
2462	196	FAIRHAVEN	VINCENNES ROAD	free	2
2463	205	FAIRHAVEN	VINCENNES ROAD	free	0
2464	192	FAIRHAVEN	VINCENNES ROAD	free	0
2465	188	FAIRHAVEN	VINCENNES ROAD	free	1
2466	192	FAIRHAVEN	VINCENNES ROAD	free	0
2467	189	FAIRHAVEN	VINCENNES ROAD	free	0
2468	167	FAIRHAVEN	VINCENNES ROAD	free	1
2469	137	FAIRHAVEN	VINCENNES ROAD	free	3
2470	126	FAIRHAVEN	VINCENNES ROAD	free	0
2471	139	FAIRHAVEN	VINCENNES ROAD	free	0
2472	143	FAIRHAVEN	VINCENNES ROAD	free	0
2473	148	FAIRHAVEN	VINCENNES ROAD	free	0
2474	136	FAIRHAVEN	VINCENNES ROAD	free	0
2475	134	FAIRHAVEN	VINCENNFS ROAD	free	0
2476	142	FAIRHAVEN	VINCENNES ROAD	free	1
2477	150	FAIRHAVEN	VINCENNES ROAD	free	1
2478	151	FAIRHAVEN	VINCENNES ROAD	free	0
2479	162	FAIRHAVEN	VINCENNES ROAD	free	0
2480	160	FAIRHAVEN	VINCENNES ROAD	free	2
2481	156	FAIRHAVEN	VINCENNES ROAD	free	2
2482	155	FAIRHAVEN	VINCENNES ROAD	free	1
2483	146	FAIRHAVEN	VINCENNES ROAD	free	2
2484	148	FAIRHAVEN	VINCENNES ROAD	free	1
2485	153	FAIRHAVEN	VINCENNES ROAD	free	0
2486	154	FAIRHAVEN	VINCENNES ROAD	free	0
2487	152	FAIRHAVEN	VINCENNES ROAD	free	0
2488	149	FAIRHAVEN	VINCENNES ROAD	free	0
2489	145	FAIRHAVEN	VINCENNES ROAD	free	0
2490	148	FAIRHAVEN	VINCENNES ROAD	free	1
2491	150	FAIRHAVEN	VINCENNES ROAD	free	2
2492	151	FAIRHAVEN	VINCENNES ROAD	free	1
2493	151	FAIRHAVEN	VINCENNES ROAD	free	0
2494	147	FAIRHAVEN	VINCENNES ROAD	free	1
2495	139	FAIRHAVEN	VINCENNES ROAD	free	1
2496	139	FAIRHAVEN	VINCENNES ROAD	free	1
2497	137	FAIRHAVEN	VINCENNES ROAD	free	0
2498	133	FAIRHAVEN	VINCENNES ROAD	free	0
2499	131	FAIRHAVEN	VINCENNES ROAD	free	0
2500	138	FAIRHAVEN	VINCENNES ROAD	free	1
2501	145	FAIRHAVEN	VINCENNES ROAD	free	1
2502	149	FAIRHAVEN	VINCENNES ROAD	free	0
2503	143	FAIRHAVEN	VINCENNES ROAD	free	2
2504	145	FAIRHAVEN	VINCENNES ROAD	free	1
2505	140	FAIRHAVEN	VINCENNES ROAD	free	0
2506	139	FAIRHAVEN	VINCENNES ROAD	free	1
2507	140	FAIRHAVEN	VINCENNES ROAD	free	0
2508	147	FAIRHAVEN	VINCENNES ROAD	free	0
2509	155	FAIRHAVEN	VINCENNES ROAD	free	0
2510	159	FAIRHAVEN	VINCENNES ROAD	free	0
2511	152	FAIRHAVEN	VINCENNES ROAD	free	0
2512	147	FAIRHAVEN	VINCENNES ROAD	free	2
2513	141	FAIRHAVEN	VINCENNES ROAD	free	1
2514	137	INTERSTATE 92	VINCENNES ROAD	free	0
2515	145	INTERSTATE 92	I92 JUNCTION	free	0
2516	140	INTERSTATE 92	I92 JUNCTION	free	0
2517	121	INTERSTATE 92	I92 JUNCTION	free	0
2518	112	INTERSTATE 92	I92 JUNCTION	free	0
2519	128	INTERSTATE 92	I92 JUNCTION	free	0
2520	148	INTERSTATE 92	I92 JUNCTION	free	0
2521	162	INTERSTATE 92	I92 JUNCTION	free	0
2522	174	INTERSTATE 92	I92 JUNCTION	free	0
2523	186	INTERSTATE 92	I92 NORTH	free	0
2524	178	INTERSTATE 92	I92 NORTH	free	1
2525	173	INTERSTATE 92	I92 NORTH	free	3
2526	171	INTERSTATE 92	I92 NORTH	free	4
2527	167	INTERSTATE 92	I92 NORTH	free	2
2528	154	INTERSTATE 92	I92 NORTH	free	2
2529	149	INTERSTATE 92	I92 NORTH	free	2
2530	150	INTERSTATE 92	I92 NORTH	free	2
2531	149	INTERSTATE 92	I92 NORTH	free	1
2532	159	INTERSTATE 92	I92 NORTH	free	1
2533	166	INTERSTATE 92	I92 NORTH	free	1
2534	167	INTERSTATE 92	I92 NORTH	free	1
2535	168	INTERSTATE 92	I92 NORTH	free	0
2536	174	INTERSTATE 92	I92 NORTH	free	0
2537	171	INTERSTATE 92	I92 NORTH	free	0
2538	158	INTERSTATE 92	I92 NORTH	free	0
2539	147	INTERSTATE 92	I92 NORTH	free	2
2540	150	INTERSTATE 92	I92 NORTH	free	1
2541	159	INTERSTATE 92	I92 NORTH	free	2
2542	169	INTERSTATE 92	I92 NORTH	free	1
2543	172	INTERSTATE 92	I92 NORTH	free	1
2544	161	INTERSTATE 92	I92 NORTH	free	1
2545	154	INTERSTATE 92	I92 NORTH	free	3
2546	146	INTERSTATE 92	I92 NORTH VI	free	1
2547	140	INTERSTATE 92	I92 NORTH	free	1
2548	140	INTERSTATE 92	I92 NORTH	free	1
2549	140	INTERSTATE 92	I92 NORTH	free	1
2550	131	INTERSTATE 92	I92 NORTH	free	1
2551	141	INTERSTATE 92	I92 NORTH	free	0
2552	155	INTERSTATE 92	I92 NORTH	free	1
2553	170	INTERSTATE 92	I92 NORTH	free	2
2554	184	INTERSTATE 92	I92 NORTH	free	1
2555	194	INTERSTATE 92	I92 NORTH	free	0
2556	203	INTERSTATE 92	I92 NORTH	free	1
2557	205	INTERSTATE 92	I92 NORTH	free	2
2558	211	INTERSTATE 92	I92 NORTH	free	0
2559	218	INTERSTATE 92	I92 NORTH	free	0
2560	225	INTERSTATE 92	I92 NORTH	free	0
2561	231	INTERSTATE 92	I92 NORTH	free	2
2562	221	INTERSTATE 92	I92 NORTH	free	2
2563	220	INTERSTATE 92	I92 NORTH	free	2
2564	216	INTERSTATE 92	I92 NORTH	free	0
2565	217	INTERSTATE 92	I92 NORTH	free	1
2566	219	INTERSTATE 92	I92 NORTH	free	1
2567	189	INTERSTATE 92	I92 NORTH	free	2
2568	175	INTERSTATE 92	I92 NORTH	free	2
2569	174	INTERSTATE 92	I92 NORTH	free	1
2570	172	INTERSTATE 92	I92 NORTH	free	2
2571	163	INTERSTATE 92	I92 NORTH	free	1
2572	138	INTERSTATE 92	I92 NORTH	free	2
2573	83	INTERSTATE 92	I92 NORTH	free	0
2574	62	INTERSTATE 92	I92 NORTH	free	1
2575	49		I92 NORTH		1
2576	24	INTERSTATE 92	I92 NORTH	free	3
2577	42	INTERSTATE 92	I92 NORTH	free	2
2578	68	INTERSTATE 92	I92 NORTH	free	1
2579	87	INTERSTATE 92	I92 NORTH	free	2
2580	109	INTERSTATE 92	I92 NORTH	free	1
2581	116	INTERSTATE 92	I92 NORTH	free	1
2582	119	INTERSTATE 92	I92 NORTH	free	2
2583	123	INTERSTATE 92	I92 NORTH	free	2
2584	129	INTERSTATE 92	I92 NORTH	free	2
2585	134	INTERSTATE 92	I92 NORTH	free	0
2586	141	INTERSTATE 92	I92 NORTH	free	0
2587	150	INTERSTATE 92	I92 NORTH	free	0
2588	160	INTERSTATE 92	I92 NORTH	free	0
2589	163	INTERSTATE 92	I92 NORTH	free	1
2590	171	INTERSTATE 92	I92 NORTH	free	1
2591	174	INTERSTATE 92	I92 NORTH	free	1
2592	167	INTERSTATE 92	I92 NORTH	free	3
2593	168	INTERSTATE 92	I92 NORTH	free	3
2594	171	INTERSTATE 92	I92 NORTH	free	1
2595	175	INTERSTATE 92	I92 NORTH	free	1
2596	176	INTERSTATE 92	I92 NORTH	free	0
2597	179	INTERSTATE 92	I92 NORTH	free	0
2598	184	INTERSTATE 92	I92 NORTH	free	0
2599	188	INTERSTATE 92	I92 NORTH	free	1
2600	195	INTERSTATE 92	I92 NORTH	free	2
2601	203	INTERSTATE 92	I92 NORTH	free	2
2602	212	INTERSTATE 92	I92 NORTH	free	1
2603	221	INTERSTATE 92	I92 NORTH	free	1
2604	229	INTERSTATE 92	I92 NORTH	free	1
2605	237	INTERSTATE 92	I92 NORTH	free	1
2606	244	INTERSTATE 92	I92 NORTH	free	0
2607	248	INTERSTATE 92	I92 NORTH	free	1
2608	298	INTERSTATE 92	I92 NORTH	free	1
2609	227	INTERSTATE 92	I92 NORTH	free	1
2610	215	INTERSTATE 92	I92 NORTH	free	0
2611	210	INTERSTATE 92	I92 NORTH	free	0
2612	204	INTERSTATE 92	I92 NORTH	free	0
2613	199	INTERSTATE 92	I92 NORTH	free	0
2614	186	INTERSTATE 92	I92 NORTH	free	1
2615	177	INTERSTATE 92	I92 NORTH	free	0
2616	171	INTERSTATE 92	I92 NORTH	free	0
2617	166	INTERSTATE 92	I92 NORTH	free	0
2618	159	INTERSTATE 92	I92 NORTH	free	0
2619	151	INTERSTATE 92	I92 NORTH	free	0
2620	146	INTERSTATE 92	I92 NORTH	free	1
2621	140	INTERSTATE 92	I92 NORTH	free	1
2622	139	INTERSTATE 92	I92 NORTH	free	0
2623	138	INTERSTATE 92	I92 NORTH	free	0
2624	134	INTERSTATE 92	I92 NORTH	free	0
2625	129	INTERSTATE 92	I92 NORTH	free	0
2626	129	INTERSTATE 92	I92 NORTH	free	0
2627	130	INTERSTATE 92	I92 NORTH	free	0
2628	131	INTERSTATE 92	I92 NORTH	free	0
2629	127	INTERSTATE 92	I92 NORTH	free	1
2630	120	INTERSTATE 92	I92 NORTH	free	0
2631	112	INTERSTATE 92	I92 NORTH	free	0
2632	112	INTERSTATE 92	I92 NORTH	free	0
2633	106	INTERSTATE 92	I92 NORTH	free	0
2634	101	INTERSTATE 92	I92 NORTH	free	0
2635	99	INTERSTATE 92	I92 NORTH	free	0
2636	102	INTERSTATE 92	I92 NORTH	free	0
2637	107	INTERSTATE 92	I92 NORTH	free	1
2638	113	INTERSTATE 92	I92 NORTH	free	0
2639	119	INTERSTATE 92	I92 NORTH	free	1
2640	126	INTERSTATE 92	I92 NORTH	free	0
2641	132	INTERSTATE 92	I92 NORTH	free	1
2642	136	INTERSTATE 92	I92 NORTH	free	0
2643	139	INTERSTATE 92	I92 NORTH	free	1
2644	156	INTERSTATE 92	I92 NORTH	free	1
2645	170	INTERSTATE 92	I92 NORTH	free	2
2646	180	INTERSTATE 92	I92 NORTH	free	2
2647	169	INTERSTATE 92	I92 NORTH	free	2
2648	159	INTERSTATE 92	I92 NORTH	free	0
2649	152	INTERSTATE 92	I92 NORTH	free	0
2650	145	INTERSTATE 92	I92 NORTH	free	0
2651	144	INTERSTATE 92	I92 NORTH	free	0
2652	143	INTERSTATE 92	I92 NORTH	free	0
2653	137	INTERSTATE 92	I92 NORTH	free	1
2654	137	INTERSTATE 92	I92 JUNCTION 10	free	0
2655	125	INTERSTATE 92	I92 JUNCTION 10	free	1
2656	115	INTERSTATE 92	I92 JUNCTION 10	free	1
2657	101	INTERSTATE 92	I92 JUNCTION 10	free	0
2658	95	INTERSTATE 92	I92 JUNCTION 10	free	0
2659	91	INTERSTATE 92	I92 JUNCTION 10	free	0
2660	91	INTERSTATE 92	I92 JUNCTION 10	free	0
2661	93	INTERSTATE 92	I92 JUNCTION 10	free	0
2662	94	INTERSTATE 92	I92 JUNCTION 10	free	0
2663	98	INTERSTATE 92	I92 JUNCTION 10	free	1
2664	98	INTERSTATE 92	I92 JUNCTION 10	free	1
2665	93	INTERSTATE 92	I92 JUNCTION 10	free	1
2666	93	INTERSTATE 92	1I92 JUNCTION 10	free	0
2667	95	FAIRHAVEN	REYNOLDS LANE	free	0
2668	99	FAIRHAVEN	REYNOLDS LANE	free	0
2669	103	FAIRHAVEN	REYNOLDS LANE	free	0
2670	106	FAIRHAVEN	REYNOLDS LANE	free	0
2671	104	FAIRHAVEN	REYNOLDS LANE	free	0
2672	99	FAIRHAVEN	REYNOLDS LANE	free	1
2673	97	FAIRHAVEN	REYNOLDS LANE	free	1
2674	97	FAIRHAVEN	REYNOLDS LANE	free	0
2675	98	FAIRHAVEN	REYNOLDS LANE	free	1
2676	99	FAIRHAVEN	REYNOLDS LANE	free	0
2677	101	FAIRHAVEN	REYNOLDS LANE	free	0
2678	114	FAIRHAVEN	REYNOLDS LANE	free	0
2679	112	FAIRHAVEN	REYNOLDS LANE	free	0
2680	105	FAIRHAVEN	REYNOLDS LANE	free	1
2681	107	FAIRHAVEN	REYNOLDS LANE	free	0
2682	110	FAIRHAVEN	REYNOLDS LANE	free	0
2683	109	FAIRHAVEN	REYNOLDS LANE	free	0
2684	112	FAIRHAVEN	REYNOLDS LANE	free	0
2685	111	FAIRHAVEN	REYNOLDS LANE	free	0
2686	102	FAIRHAVEN	REYNOLDS LANE	free	1
2687	88	HUGHES PARK	REYNOLDS LANE	free	2
2688	77	HUGHES PARK	REYNOLDS LANE	free	1
2689	64	HUGHES PARK	CLARK STREET	free	0
2690	59	HUGHES PARK	CLARK STREET	free	1
2691	51	HUGHES PARK	CLARK STREET	free	1
2692	52	HUGHES PARK	CLARK STREET	free	0
2693	54	HUGHES PARK	CLARK STREET	free	0
2694	54	HUGHES PARK	CLARK STREET	free	0
2695	55	HUGHES PARK	CLARK STREET	free	0
2696	58	HUGHES PARK	CLARK STREET	free	1
2697	64	HUGHES PARK	CLARK STREET	free	1
2698	70	HUGHES PARK	CLARK STREET	free	1
2699	74	HUGHES PARK	CLARK STREET	free	2
2700	75	HUGHES PARK	CLARK STREET	free	0
2701	77	HUGHES PARK	CLARK STREET	free	1
2702	61	HUGHES PARK	CLARK STREET	free	0
2703	51	HUGHES PARK	CLARK STREET	free	0
2704	32	HUGHES PARK	CLARK STREET	free	0
2705	20	HUGHES PARK	CLARK STREET	free	0
2706	35	HUGHES PARK	CLARK STREET	free	0
2707	51	HUGHES PARK	CLARK STREET	free	0
2708	53	HUGHES PARK	CLARK STREET	free	0
2709	60	HUGHES PARK	CLARK STREET	free	0
2710	65	HUGHES PARK	CLARK STREET	free	0
2711	73	HUGHES PARK	CLARK STREET	free	0
2712	68	HUGHES PARK	CLARK STREET	free	1
2713	58	HUGHES PARK	CLARK STREET	free	0
2714	59	HUGHES PARK	CLARK STREET	free	1
2715	56	HUGHES PARK	CLARK STREET	free	0
2716	61	HUGHES PARK	CLARK STREET	free	0
2717	64	HUGHES PARK	CLARK STREET	free	0
2718	57	HUGHES PARK	CLARK STREET	free	1
2719	54	HUGHES PARK	CLARK STREET	free	2
2720	64	HUGHES PARK	CLARK STREET	free	2
2721	87	HUGHES PARK	CLARK STREET	free	1
2722	109	HUGHES PARK	CLARK STREET	free	0
2723	102	HUGHES PARK	CLARK STREET	free	0
2724	98	HUGHES PARK	CLARK STREET	free	0
2725	99	HUGHES PARK	CLARK STREET	free	0
2726	90	HUGHES PARK	CLARK STREET '	free	0
2727	88	HUGHES PARK	CLARK STREET	free	1
2728	96	HUGHES PARK	CLARK STREET	free	0
2729	115	HUGHES PARK	CLARK STREET	free	0
2730	132	HUGHES PARK	CLARK STREET	free	1
2731	140	HUGHES PARK	CLARK STREET	free	1
2732	137	HUGHES PARK	CLARK STREET	free	2
2733	122	HUGHES PARK	CLARK STREET	free	1
2734	121	HUGHES PARK	CLARK STREET	free	1
2735	125	HUGHES PARK	CLARK STREET	free	1
2736	130	HUGHES PARK	CLARK STREET	free	1
2737	121	HUGHES PARK	CLARK STREET	free	0
2738	111	HUGHES PARK	CLARK STREET	free	0
2739	110	HUGHES PARK	CLARK STREET	free	2
2740	108	HUGHES PARK	CLARK STREET	free	1
2741	100	HUGHES PARK	CLARK STREET	free	0
2742	94	HUGHES PARK	CLARK STREET	free	0
2743	94	HUGHES PARK	CLARK STREET	free	0
2744	97	HUGHES PARK	CLARK STREET	free	0
2745	96	HUGHES PARK	CLARK STREET	free	0
2746	91	HUGHES PARK	CLARK STREET	free	0
2747	85	HUGHES PARK	CLARK STREET	free	0
2748	79	HUGHES PARK	CLARK STREET	free	0
2749	78	HUGHES PARK	CLARK STREET	free	0
2750	80	HUGHES PARK	CLARK STREET	free	0
2751	82	HUGHES PARK	CLARK STREET	free	0
2752	78	HUGHES PARK	CLARK STREET	free	0
2753	81	HUGHES PARK	CLARK STREET	free	0
2754	73	HUGHES PARK	CLARK STREET	free	0
2755	67	HUGHES PARK	CLARK STREET	free	0
2756	66	HUGHES PARK	CLARK STREET	free	1
2757	67	HUGHES PARK	CLARK STREET	free	0
2758	70	HUGHES PARK	CLARK STREET	free	1
2759	71	HUGHES PARK	CLARK STREET	free	0
2760	72	HUGHES PARK	CLARK STREET	free	0
2761	73	HUGHES PARK	CLARK STREET	free	0
2762	74	HUGHES PARK	CLARK STREET	free	1
2763	80	HUGHES PARK	CLARK STREET	free	0
2764	63	HUGHES PARK	CLARK STREET	free	0
2765	46	HUGHES PARK	CLARK STREET	free	0
2766	44	HUGHES PARK	CLARK STREET	free	0
2767	50	HUGHES PARK	CLARK STREET	free	0
2768	57	HUGHES PARK	CLARK STREET	free	0
2769	63	HUGHES PARK	CLARK STREET	free	0
2770	55	HUGHES PARK	CLARK STREET	free	0
2771	58	HUGHES PARK	CLARK STREET	free	0
2772	76	HUGHES PARK	CLARK STREET	free	0
2773	77	HUGHES PARK	CLARK STREET	free	0
2774	65	HUGHES PARK	CLARK STREET	free	0
2775	51	HUGHES PARK	CLARK STREET	free	0
2776	38	HUGHES PARK	CLARK STREET	free	0
2777	27	HUGHES PARK	CLARK STREET	free	0
2778	2	HUGHES PARK	CLARK STREET	free	0
2779	0	HUGHES PARK	CLARK STREET	free	0
2780	0	HUGHES PARK	CLARK STREET	free	0
2781	0	HUGHES PARK	CLARK STREET	free	0
2782	0	HUGHES PARK	CLARK STREET	free	0
2783	0	HUGHES PARK	CLARK STREET	free	0
2784	0	HUGHES PARK	CLARK STREET	free	0
2785	5	HUGHES PARK	CLARK STREET	free	0
2786	15	HUGHES PARK	CLARK STREET	free	0
2787	21	HUGHES PARK	CLARK STREET	free	0
2788	21	HUGHES PARK	CLARK STREET	free	0
2789	20	HUGHES PARK	CLARK STREET	free	0
2790	20	HUGHES PARK	CLARK STREET	free	0
2791	16	HUGHES PARK	CLARK STREET	free	0
2792	6	HUGHES PARK	CLARK STREET	free	0
2793	3	HUGHES PARK	CLARK STREET	free	0
2794	0	HUGHES PARK	CLARK STREET	free	0
2795	0	HUGHES PARK	CLARK STREET	free	0
2796	0	HUGHES PARK	CLARK STREET	free	0
2797	0	HUGHES PARK	CLARK STREET	free	0
2798	0	HUGHES PARK	CLARK STREET	free	0
2799	0	HUGHES PARK	CLARK STREET	free	0
2800	0	HUGHES PARK	CLARK STREET	free	0
2801	0	HUGHES PARK	CLARK STREET	free	0
2802	0	HUGHES PARK	CLARK STREET	free	0
2803	0	HUGHES PARK	CLARK STREET	free	0
2804	0	HUGHES PARK	CLARK STREET	free	0
2805	0	HUGHES PARK	CLARK STREET	free	0
2806	0	HUGHES PARK	CLARK STREET	free	0
2807	0	HUGHES PARK	CLARK STREET	free	0
2808	0	HUGHES PARK	CLARK STREET	free	0
2809	0	HUGHES PARK	CLARK STREET	free	0
2810	0	HUGHES PARK	CLARK STREET	free	0
2811	0	HUGHES PARK	CLARK STREET	free	0
2812	0	HUGHES PARK	CLARK STREET	free	0
